text,fav
「Python」にバッファオーバーフローの脆弱性 ～サポート終了の「Python 2」にも影響／リモートからサービス拒否（DoS）や任意コード実行の可能性 https://t.co/rI2byV11EI https://t.co/woD8Rksdt1,33
#今日の積み上げ・Python Udemy講座：1時間 Python3 入門＋応用 非同期処理 asyncio続き・英会話：25分・アブローラー：2set・チューブトレーニング(肩)：5種類・ストレッチ,5
最後のレポとPython終わったら遊べるし要らん本も読める、マイクラも精神的に健康に遊べる！がんばろう！,7
今日の積み上げ・読書複業の思考法プログラミングリテラシー・Udemyのpython講座:酒井潤さん基礎の部分進めました・動画編集テロップ少し入れてみたやはり積み上げられた日は満足して寝れるぜ。おやすみなさいませ。,4
サーバー立てずGitHubだけでLINEbotを動かす【Python】 https://t.co/MUM5FVodLf #Qiita via @_rryyoo,1
sphinxを使ってみました。ドキュメントのような簡素なHTMLページを作るには便利そうhttps://t.co/9COa6atxum#Python #sphinx,0
"Python, 時折、I/OのTLEに殺されるのが辛い（しかも、CF Div2 Bくらいで出てきて普通につらい。",0
@python_octopus スタァライトも見覚えあるな……生命力補充のためにみてこよ,0
CとPython(主に機械学習)なら初歩的なことは動かせます,0
@kimushun1101 Pythonはほんとにこれがつらい  ほかにもデフォルト引数にオブジェクト作っちゃったりするといろいろな不具合のもとになりますhttps://t.co/ZTGxM2zlO3,28
Python自習で簡単な英単語ゲームを作りました。内容は一つの英単語を定義してinput == 英単語を比較して、正解か不正解かを判断するプログラムです。ただ、問題数を増やすために、for文やwhile文を使おうと色々考えたのですがうまくいきません。,1
今日の獲物カードは実は3枚だけどもの悲しいので持ってたのも追加(あれあおい持ってなかったっけ)とりあえずMOS高いのでちゃんと合格するために参考書ついでディープラーニング興味あるしpythonは軽く触ってるので出来るかなって興味から https://t.co/1lUfTxyXfT,0
本気で将来プログラミングで稼ぎたいなら、python、数学、統計学、機械学習を勉強するかな。なんで、みんなWeb系の言語を勉強したがるのか？絶対将来はAIの時代なのに～。,41
Python！Python環境整備中ラズベリーパイと古いネットPCとMacとデスクトップで動かす予定。常時動かしておくなら、ラズベリーパイが1番電気代安いかな。 ##Python勉強中,0
@KawaiiBOTz Source found on Pixiv!Similarity: 92.29%Title: うちの子まとめAuthor: ゆーねhttps://t.co/dSnjcmFokPSource found via SauceNAO Python API Wrapper @ https://t.co/Y1XKgwPaCt !,0
授業カリキュラムは、Python ですが、JavaScript 使える高校生の皆さんには、2019年に行った体験授業にちかいものを準備する予定です。 https://t.co/qKhCza5VrU,6
Pythonで動画を逆再生にするプログラムを紹介します MayuMega #プログラミング #Python #動画　#逆再生https://t.co/KuGrFttGwM,2
勉強すればするほど己の力不足を思い知って、今までの自分の怠慢がただただ恥ずかしいです。安定した日常を甘んじて受け入れるだけでなく、常に前へと進む姿勢でいなくては。とりあえずPythonとRegExとJSONとCの練習します…学ぶこといっぱいすぎて（割とガチで）泣きたい。,1
CSおわた。Pythonやる。,1
“MeCabをPythonで形態素解析 + FlaskでAPI” https://t.co/6La1XQPUSh,0
Pythonくっそおもろい,0
私の身につけたい言語はPythonです！　#パソナテック　#エンジニア,1
Streamlit みてて思ったけど、仮に Python じゃなくて JavaScript で機械学習とか数値計算とかする世界線だったとしても、そういったことをする人々がフロントのコードを直にかけるかという話はまた別 (多少は負荷下がるかもしれないが),3
Python解読しだってわがらないさぁ～🎶だってPython外の設定だったからさぁ～🎶そりゃ読んでも分からんさ～🎶ｵｩｵｩｵ～🎶,0
C++で誤差に苦しめられる→Pythonに移動→サンプル３のTLE消えない→PyPyに移動→C++に移動→Pythonに移動ｒｙをひたすらコンテスト中で繰り返して提出しまくってたので単に脳が壊れただけ説（コンテスト後の試行錯誤含め）,0
php書いたあとにpython書くと、；付けちゃう。あるあるなのかな… #駆け出しエンジニアと繋がりたい,23
世の中にはすごい人がいるなぁ、という。Mayaでpythonによるエクスプレッションを利用可能にするプラグインのようです。https://t.co/7UwcKekuib,0
pythonでtweepyを使いながらプログラミングするのが楽しくなってきた,0
面談終わりました。大学院進学100%になりました。・アクチュアリー・クオンツのどちらに進むかはもう少し検討します。上記の職を目指す場合はざっくりそれぞれ・アクチュアリーの勉強・Python＋CFA(or証券アナリスト)の勉強となります。興味の強さと将来性も加味しつつ、クオンツが最有力。,3
いよいよpythonを触る時が来てしまった(素人),4
Livedoorブログの記事更新をPythonとseleniumで自動化してみた結果 →めっちゃ簡単だった！！https://t.co/GgksSnY5vg,0
pythonノック3データ横結合Merge 使ってクリア！流れに乗ってきた！！できるようになると楽し！ https://t.co/Ab99ug6tnL,0
“Pythonが圧倒的な1位、2021年エンジニアが学びたいプログラミング言語 | https://t.co/hHIwRy0OCy” https://t.co/6HjiVOGWQ1,6
@python_octopus たこぱいそんさん、お返事ありがとうございます☕そうみたいですね～😊よく話題に上がっているのをお見掛けします✨景色を見ながらあの橋を渡るのも良いですね！また行かれましたら #つぶやこうべ を付けて教えて下さいね♪,0
この話のツボは，「他人の視野」を変えるのはすごく難しいってことなんだと思っている。変わるまで待つしかない。だから，自動化の本質が分かってない人に対して「Pythonで自動化しました！」と声高に叫ばない方がいい。https://t.co/7AW9xQMnns,5
@KawaiiBOTz Source found on Pixiv!Similarity: 93.32%Title: まとめAuthor: せんちゃhttps://t.co/KQQ3qZsGseSource found via SauceNAO Python API Wrapper @ https://t.co/Y1XKgwPaCt !,0
debianベースのpythonイメージでapt updateしようとしたら、yarnのgpgエラーで怒られたこのイメージ使ってる人は全員このエラーが起きてるのかと思ったけど、そういうわけではないのか？,0
@python_octopus 今日も含めて毎日カウントダウンしてるから大丈夫だと信じたい。なお、見に行く予定の映画館は未だに木曜日スケジュール調整中で真顔継続中。ここじゃないと県外なのだけど……,0
Python勉強している人をもう少しフォローしたい,1
Python、習得！！！！！！！！！！！！！！   #デイトラ #30DAYSトライアル,6
Pythonやったことないけど同じかな？,0
スクレイピングで画像を自動保存しよう！！Webスクレイピングによる画像保存を徹底解説！！[python] https://t.co/FOJ18AXCbx  #Python #プログラミング #プログラミング講座 #プログラミング解説 https://t.co/WPq8HlPSoM,0
@python_octopus プリンセス・プリンシパル公開日ですよ！,0
AtCoder Jobs から面談に応募してくれるとAtCoderのアカウントが分かるので事前にちょっと見てたりとかするんだけど、今日は｢自分競プロPythonでやってるんですけど｣って言われたのに対して｢そうでしたね｣って言ってしまって引かれてないか心配,98
python使えるようにならんといかんな。C派生系で動くようなアプリは大抵Pythonでラッピングしたお手軽APIセットも提供されてるもんなのね。業界の当たり前がまだ染み付いてねぇす。,0
尋常じゃないごちゃつきだpythonのasync　もう目を背けたい,0
@Python_3108 私は大阪市内在住ですが、一般車に限らずトラックにも多いですよ曲がるんかい！ってツッコミいれてます,0
いつおんチャンネルで新しい動画を公開しました。【Automatic Composition】初太-Hatta V4-No．861【アルゴリズム作曲】 https://t.co/iNwxmWu4J8#音楽 #Python #自動作曲 #プログラミング #Youtube,0
@tira_tirarin おそらくですが、基本情報技術者試験に出てくるものしかやらないんじゃないかなー。Python使い出してるのは基本情報と機械学習トレンドだからでしょうね,1
予想数字公開中!!AI言語Pythonにてプログラミング!!▲ロト6→毎週月・木▲ロト7→毎週金曜https://t.co/SH77B0jCBQ【お願い】#フォロー#固定リツイート【お返し】#フォローバック#固定リツイート#フォロバ100#相互,1
昨日、macOS上からanacondaを削除してPython環境がスッキリした。venvに切り替えた。,1
いまだに作りたいものや言語で悩んでいますが、一旦Pythonの勉強をすることにしました,2
ご飯とお風呂で意外と時間経ってしまいましたが今からPythonのデーター構造から勉強始めます,7
@kimuraan_python おもろwww,1
pythonって型の変換規則とか変更できたっけ,0
@QSfSlMS1H7UlxEn CいけるならPythonも苦労しないと思います個人的な感覚ですが、見直す程度でいけると思います,1
ブログ連続更新305日！！#ブログ #ブログ更新 #ブログ更新しました #ブログ更新のお知らせ #ブログ初心者  #プログラマー #機械学習 #スクレイピング #Python #プログラミング https://t.co/OMS4KHI61d,11
Matplotlibで箱ひげ図を表示する方法を解説【Python】 #Python #Python3 #数学 #プログラミングhttps://t.co/ri1imrP1fP,1
Pythonのリスト内包表記についてこれを使う利点は次の2点です。・コードの簡潔化・実行速度の改善リスト内包表記の書きかたを解説します。https://t.co/6Bpj0vn4vB#Python #リスト内包表記,0
@KawaiiBOTz Source found on Pixiv!Similarity: 96.1%Title: セーラー水着Author: 葉深https://t.co/0peAUKUH71Source found via SauceNAO Python API Wrapper @ https://t.co/Y1XKgwPaCt !,1
@python_lady 絶対領域、ナイスですね。,0
Python、Numpy、pandas、Matplotlib、scikit-learn、あたり。jupyter notebookかな、みたいな。,0
まずは、年収500万円環境。そーいう切り口ではない？ただ、ツールというか、使うものはPythonデータ分析エンジニアは決まっているので。,0
今日はPythonで生体解析ができるライブラリを試してみるンゴ,0
@k_can_python 依存関係訳わかんなくなっちゃうので、Vueのつらつらポイントですね....,1
今あるM1でPythonの記事は、それぞれ。使い勝手も。自分は、どれ、とかまだ、ない。,0
「退屈なことはpythonにやらせよう！」（for文ネスト追加ポチー。。。）,1
python、numpyで配列がユニタリ行列かお手軽に確認したりできるんだなこういうのはお家芸感あるな,1
Python使う時、homebrewはいる？,0
Lunch #numpy    問：    Numpyをnpという名前でimportせよ。     解：    import numpy as np    #Python    #プログラミング    #今日の積み上げ    #駆け出しエンジニアと繋がりたい,23
言語の市場価値についてここ1年で実感していること※私個人の体感となります。Java　↘（若干）Python　↗（強い）Go　↗（実は高単価）JavaScript　↗（安定して強い）TypeScript　↗（急上昇）#フリーランスエンジニア#駆け出しエンジニアと繋がりたい,23
@syu_kimitomo はうはうさん、はじめまして😊こちらこそフォローありがとうございます🥰同じくPython初心者です🔰初心者同士、コツコツ勉強がんばりましょー🐾,1
pythonでコード書く必要出てきたなぁアダアフィでより高収益出そうと色々やるけど、手出しすぎて自動化しないと時間足りないわ。作業は基本自分の手でしたい派だったけど、これからはプログラムに頼ることが増えそう,0
ところでpython コマンドの-mって何してるコマンド？後で調べるリストに追加。,1
Analytics＋Pythonで簡単な分析してみました。・1/31時点フォロワー：506(+470)・Imp・Engagementの約7割を2つのツイートで獲得（スケールおかしい…）プチバズリしたツイートはアドセンス合格とフォロワー200名報告。ほぼこれだけで稼いだようなもんですね。つづく https://t.co/1aMDqqxSV4,3
@kk1mm homebrew使えないとかPythonが上手く動かないとかあるらしい,0
"日本のツイートトレンドTOP10は['指定暴力団組織', '組の評判', 'サイコパス度テスト', '#SuperBowl', '#じゃがりこ新作ください', '#スーパーボウル', '日経平均', 'ブレイディ', 'チーフス', 'ハーフタイムショー']です #Python #Tweepy",0
前半の振り返り💠youtube風サイトアップロードいったん画像でアップロード箇所作成しました😗動画はうーん、データ重いから格納ではなくyoutubeの共有添付で展開できないかな🤔プラグインかなあ🔌#Python #NoCode #AWS #今日の積み上げ#駆け出しエンジニアと繋がりたい #プログラミング初心者 https://t.co/kDSi9qKKyG,46
【売れ筋ランキング（コンピュータ・IT書籍）】
グ超初心者が初心者になるためのPython入門（１）　セットアップ・文字列・数値編」 たっく (著)、ちょっぷ (著)
PECIAL 2020（手書きノート大特集! !）」 河…
q7x,0
Pythonを使ってJSONファイルを読み込む方法をまとめました🙌JSONは複雑に見えてしまうことも多いですが、実は単純です👍Pythonに興味のある方、エンジニア転職を視野に入れている方は必見です😌✨#駆け出しエンジニアと繋がりたい #プログラミング初心者https://t.co/loFQ2lGqTU,19
"むかし共同研究者に Python で for 文書いてるの見られて ""It is forbidden"" と言われたけど、禁を破ってしまったよ",14
誰か「(Python)カーネルを殺す」僕「(KFC)物騒だしもう亡くなってんだよなぁ」,1
ラズベリーパイより、2月8日12時0分の空模様と気温 -6.062℃ #raspberrypi #python #fswebcam #photo #北海道 #オホーツク #イマソラ https://t.co/8480394tPz,1
#駆け出しエンジニアと繋がりたい  #プログラミング #python  #プログラミング初心者  #プログラミング学習【Python】GMOコインでビットコインを自動取引するプログラムを作成してみたhttps://t.co/JbcmQDt4gB,7
＼ピックアップニュース／一般社団法人Pythonエンジニア育成推進協会伊豆田崇様のPython 3 エンジニア認定基礎試験合格体験記を公開しました。https://t.co/Fvt8iuzUU4#エンジニア,1
こんにちは。2月08日12時のPythonに関する記事は「17」件です。ピックアップ記事:”manimの作法 その46”https://t.co/Cptal6b5JM,0
2021-02-08 12:00:01仙台市現在の天候：所により曇り　　　気温：2℃#仙台の天気#プログラミング #Python#相互フォロー #フォロバ100 #followback,7
次回【AI】第1回 初学者向け ビジネスへのAI活用ワークショップ(オンライン)開催概要説明とPython体験2021/02/10(水)18:30 〜 20:30参加費：無料#AI #機械学習 #人工知能 #ディープラーニング #Python #プログラミング https://t.co/DCRu9ZiE9X,2
「Python 学習コース II」コースを修了しました！ https://t.co/alUpBCJTSU #Progate 午前中はここまで！午後は図書館行こうかな,14
お昼はきな粉餅野菜とタンパク質不足・・・なのでおやつに小魚食べました🐟#朝の積み上げ・FEテキスト5p・pythonの基礎復習夜はこちらつくるぞ✊🏻 https://t.co/e8s5Qt8RGv,4
職場、データ集計とかいちいち手打ちで腹立ってくるから、Pythonでスクレイピングしたりして自動抽出できないかなとかそんなことばっか考えてる。,0
@KawaiiBOTz Source found on Pixiv!Similarity: 95.17%Title: 新体操部の居残り練習Author: ささくまきょうた@桜花裁きhttps://t.co/UZPJZihjJnSource found via SauceNAO Python API Wrapper @ https://t.co/Y1XKgwPaCt !,2
@empty_415 Pythonやれ,0
Python なのに for ループで書いて使ってた拡散方程式、一個の計算に 50 時間かかるようになってしまったので、さすがに改修工事が必要そう。。。,12
プログラミングで作りやすいものとしてはExcelの自動化かwebアプリだと思うExcel自動化は役に立つものが作れるから実益もあるし成果が目に見えるからおすすめそういう意味でもPythonってすごいよなあ#プログラミング初心者 #Python,9
歴史どころか大学の研究でも現役でまともにfortranしか使ってないっていうね(*'ω'*)一応授業でCはやるけどね。最近はPython使うとこもちょこちょこ出てきてるね。#実用的なお仕事プログラミングは全部独学 https://t.co/UKxNGzO6UY,5
@Python_IOS_ 様、ご応募ありがとうございました！ 抽選結果は動画をチェック👀キャンペーン期間中の2/10(水)まで毎日応募できるよ🏝＃一番くじシン・エヴァンゲリオン劇場版商品詳細は👇https://t.co/zESNo6WOwY https://t.co/k15qoW9SrZ,0
【募集情報📣】100万人規模のSaaS開発から運用担える方募集！業務内容：SaaS型の経営分析ツールの開発および、運用#ハッシュミー #複数の本業を#リモート #リモートワーク #副業 #複業#エンジニア #Python #SaaS開発 https://t.co/Zh0BXLi0bW,0
Pythonのテストなんも分からん終わった笑笑笑笑笑笑基本情報よりむずい,2
Pythonについて知りたい方！学ぶ方法等について説明いたします。https://t.co/eFHVQMnFdS【転職有利】pythonを学ぶ方法/,0
色々やりたいことに興味があるのだが、どれから・どういう風に始めたら良いのやら。#動画編集　#Python #YouTube #教えて偉い人,2
valgrindのメモリリークチェックで、ログにでてくるHEAP SUMMARYが２つに分かれるものがあり、見落とすところだった。200以上のテスト項目があって、外部ライブラリに取り除けないメモリリークがあるので、Pythonでスクリプト書いて自動化して分かった。,0
Pythonができた！#Python#リネＭ https://t.co/tucAyj2V2J,4
"Python基本構文の備忘録コマンドライン引数の取得import syslist_arg = sys.argvprint(""1つ目の引数："" + list_arg[0])print(""2つ目の引数："" + list_arg[1])print(""3つ目の引数："" + list_arg[2])#Python #プログラミング",4
"【フォロワー1万達成報告あり】インスタインフルエンサーのフォロワーリスト1,000人獲得後、自動いいね。フォロワーを増やすツール【pythonコピペのみ】https://t.co/AWj2K5DMfh",1
Pythonのos.rmdirは空でないと動かない。中身ごと消すときはshutil.rmtree,0
Pythonやった事無いけど、なんとな〜くわかるでしょ！多分。。。（笑）,3
@KawaiiBOTz Source found on Pixiv!Similarity: 94.1%Title: ログAuthor: チナツhttps://t.co/eAzprHB5hcSource found via SauceNAO Python API Wrapper @ https://t.co/Y1XKgwPaCt !,1
計測してみた。powは、めっちゃ遅い？🤔 #Python https://t.co/WCrnwngOTe,3
今日の夜、APEXの大会等のスコア集計部分自動化出来ないか、PythonかトラッカーAPI使えるか見てみます。時間があれば。,1
@moritanuki_ はじめまして😄フォロバありがとうございます！Pythonの勉強始めたばかりの初心者ですがよろしくお願いします😊,2
私の身につけたい言語はPythonです！　#パソナテック　#エンジニア,0
🕊AWS触ってみて思ったメモwebサイトをサーバレスで公開。CDNって早い！常時SSL化は勝手になった！要確認！お問い合わせフォームをSlackで通知。PHP使えないからの策だけど難しすぎた。Python便利キャッシュが残ればめっちゃ早いホームページを格安で作れた！ただ、難しすぎた！復習しよ〜,2
#プログラミング独学 #プログラミング初心者 #プログラミング初心者と繋がりたい #プログラミング勉強中 Pythonを使って流行りの非接触体温計を作成しました。お値段は・・・https://t.co/jLkOxRNzb9,1
ん？！なんで最後のケースだけ失敗するんだ…(´･ω･｀)#Python #paiza 俺の嫁（またの名を「妻」とも言う）を紹介します！『POH7「プログラミングで彼女をつくる」』 https://t.co/IFJ6L8gseE #_poh,1
「Pythonによるあたらしいデータ分析の教科書」の2周目を順調に進めています。第２章、「Pythonと環境」を始めます。#データサイエンス #Pythonによるあたらしいデータ分析の教科書,0
おっPython,1
●読書●プログラミング Python PyQ 50minpytestの続き。#今日の積み上げ 昨日(2/7)分,9
pythonの文字コード繊細芸、マジで死ねと思う,0
明日終わったら、Pythonと回路系とCをしっかりしよう。数学も。,0
勉強自体に目的がないから、その時間を計測してアプリでゲーム化するというのは、少し悲しい気持ちになりました。以前、画像識別AIをPythonで作った際、行列計算のありがたみが分かった時、「数学がこんなに役に立つ... #NewsPicks https://t.co/SJLdHHfPbX,1
【Pythonで不動産データ分析！】SUUMOをスクレイピングして情報収集！理想の賃貸物件を探してみた！#データ分析 #データサイエンス #Python https://t.co/uDFtu52WHP,1
pythonをまたぼちぼち再開したんだけど、とりあえず土日とかに銘柄分析しやすいように最新日までの株価に関する情報取得を無料でできるよう試行錯誤してる,0
#今日の積み上げ 209日目 ・Pythonでの業務自動化(Excel)・WP案件対応・Kindleで読書おはようございます☀️久しぶりに案件受注できましたのでPythonで本業の時間削減しつつ、副業にいそしんでいきます😌,12
【paizaラーニング】Python入門編7: 関数を理解しよう (全 7 回)を修了しました！ https://t.co/lABAwwvZSD #paiza,1
データベースの操作について、基礎的な動作を試してみました。PythonでSQLiteを操作（DB作成、挿入、検索、削除） - Student Number i03124 https://t.co/sRSwL1nVuj #はてなブログ #プログラミング初心者と繋がりたい #プログラミング初心者とつながりたい #Python初心者,5
@shupei_python ありがとうございます！！,1
最近pythonとphpを同時に触るから、言語の違いで初心者じみたところでハマるのキツイ…くそぉってなる,0
プログラミングは、一ミリも理解できない事柄なのですが、最近『PythonでExcel、メール、Webを自動化する本』著：中嶋英勝みたいな《Python》という種類の書籍がやたらと入荷するのですが、何か流行してるのですかね。 https://t.co/Kw9UgozrVT,2
競プロ、C++で実装してるけど、デバッグのしやすいPythonの方が時間制限ある場合有利なきがするな。,0
気づいた。Pythonよりc++が簡単な訳じゃないわ。c++を教わった速度より、Pythonを教わった速度が速すぎてついていけてないだけだわ。そりゃPythonムズいわ。だって理解する前によくわからない領域まで発展するんだもん😭,2
Pythonで書かれた1000行以上のコードを保守するのは人権侵害ですよ,0
Pythonが圧倒的すぎる。。。https://t.co/gSLeCqfMkU,1
[python] Dataframeから複数条件で行を抽出する - https://t.co/odLcmwOQlx,7
Pythonにてファイル名を検索してヒットしたもののpathを知りたい https://t.co/DuaOXYy4gj,1
PythonのシェルでxonshがあるならVim scriptのシェルがあってもいいよなぁ？,3
このツイートは、Pythonを使って自動ツイートにしています。テキストファイルにツイート内容を書き込んで、Pythonで少し設定すれば、定期的に配信してくれます。,0
『ひと目でわかる　プログラミングのしくみとはたらき図鑑』ですが、2月7日付『読売新聞』1面にカラー広告を掲載して以降、ご注文多数です。Scratch、Python、Web（HTML、JavaScript）の３タイプの言語を取り上げ、イラストや図を用いて解説した案内書（A）（商品ページ）https://t.co/igbgjQJrxp https://t.co/MBxWZSjFyw,13
Pythonデータ分析エンジニアは、今後必要な人材になるので、教育の仕方も同時進行で吸収していきたいです。,1
第1回 Python 3 データ分析 模擬試験 を受験いただきありがとうございました。あなたのスコアは 92.5 点 / 100点満点です。ギャフン‼️😖また、正誤の読解で1問落とした‼️1問は2.5%。,0
@Python_regius01 私も同じこと返信したwww,0
用事終わり。学習開始、14:30までの予定だけどお腹空いたらお粥食べに行くだ。🍚今日こそ、本当に今日こそ5章のプログラム理解して6章にススムむ。まずはいつもの学習、これを1時間でおわらせ、Python。,1
"日本のツイートトレンドTOP10は['指定暴力団組織', '組の評判', '#SuperBowl', 'サイコパス度テスト', '#スーパーボウル', 'ハーフタイムショー', '#じゃがりこ新作ください', '日経平均', 'ブレイディ', '#SBLV']です #Python #Tweepy",0
(2/8 0時) Amazon NGO・NPOランキング 6位 天田士郎著『Pythonの文法は覚えたけど「じゃあこれで何ができるんだ？」と思っている人のための本』https://t.co/WrroEnxJwc,1
【日本語以外に使用可能な言語を教えてください。】C言語とPythonを少し、、、,2
@shin_t_o_ パラメータを構造体（Pythonだったらクラス）にする、ですかね…？OpenCVとかはそうなってる気がしました,0
【自動ニュース】リックス(7525):「業績予想及び配当予想の修正に関するお知らせ」で業績予想の上方修正を発表#株初心者 #株式投資 #プログラミング #投資初心者 #Pythonhttps://t.co/mwRMVE4Jny,2
【自動ニュース】前田建(1824):「業績予想及び配当予想の修正に関するお知らせ」で業績予想の上方修正を発表#株初心者 #株式投資 #プログラミング #投資初心者 #Pythonhttps://t.co/7MLA6H8BaJ,1
2021-02-08 11:00:01仙台市現在の天候：所により曇り　　　気温：2℃#仙台の天気#プログラミング #Python#相互フォロー #フォロバ100 #followback,6
PythonでREST APIをごりごりいじるのは慣れてきたから、UIも綺麗に作れるようになりたいけど何から始めたらいいものか。,1
Pythonを学びながら為替分析２: 分析結果レポート編Kindle Unlimitedで０円！https://t.co/ELDli4BXPtFX簡易分析ツール on Scratchhttps://t.co/LjiVq0bAHL円安期待率１３５戦５３勝２６分中！#為替 #ドル円 #FX #バイナリーオプション #USDJPY #データ分析 #プログラミング https://t.co/mxFnLFRyPG,2
なんの勉強から始めるのがいいんだろやっぱHTML?JAVA?Pythonも気になる,1
Pythonが分からないー😭,2
fromとimportの順番、Pythonと JavaScriptで逆なのな。,1
久々に朝から仕事の予定がないのでblenderのPythonのコード書く練習しよっと,1
@KawaiiBOTz Source found on Pixiv!Similarity: 96.66%Title: ラミカの絵Author: トビプラス＋https://t.co/5flvr0gfCvSource found via SauceNAO Python API Wrapper @ https://t.co/Y1XKgwPaCt !,0
アルゴリズムについて勉強。Atcoderの問題を例にしているので非常に分かりやすい。しっかり理解出来れば問題文からコーディングに至るまでの壁を超えられそう。実装例はC++なので読み終えたらPythonで実装するための勉強を行う。色々手を出しすぎだけど全部必須。全部やる。https://t.co/Zi37988H5a,1
結局、サーバー上で動作するプログラムを作るならGoogle Apps Scriptに頼ってしまうのよねえ。その次はPHP。PythonやらRubyは、herokuを造るのが結構面倒で、なかなか手が出せぬ……。,1
右モニターのワードでレポート作ってpython開いてプログラム書きながら左モニターでYouTube配信とtwitter見てる,0
とある言語で理解しきれなかった概念も、他言語を学ぶことにより理解できるという現象あると思う。名前は違えど同じ概念。例：Ruby⇆Python,0
Visual Studio君、Python 3.9はサポートされてない…？ https://t.co/wFMlsqfJtc,0
eslintがPythonで落ちたり、node versionで落ちたりしてGHAが通らない！！,1
現状、アンパイなPythonとサーバーのバージョン設定はPython3.8Ubuntu20.04 かな。この設定にしておくととりあえずデプロイとかしても環境等何もいじらずにインフラ設計開始できる。,1
@sceggpr Python使いの方みたいですねー。よろしくお願いします！！！,2
同一の値を計算したいのに手法によって引数が変わる場合それらを関数として括るべきか、、pythonオーバーロード無いんだよなぁ共通部分があるというわけでもなく全く別の引数使うパターンもあるときにkwargs乱用してもなーむりくり引数の和集合とるしかないか,0
@wino_uwe @tckw_c pythonも,2
こんにちは🌑今週でプログラミング学習初めて１ヶ月なのですが、成長してるのか否か少し不安ですが自分なりに全力で学習していきます🤗#今日の積み上げ・筋トレ・Python スクレイピング webAPI続き・ブログ記事作成・読書,10
その仕事、自動化できませんか⁉️単純な作業はPythonで自動化しましょう。退屈な仕事は、どれだけ続けてもスキルアップできません😱自動化すればプログラミングスキルが上がり、余った時間で新しいスキルを身につけることができます‼️#駆け出しエンジニアと繋がりたい,21
【プログラミング学習のProgate】Pythonのレベルが14にUPしました！ https://t.co/alUpBCJTSU #Progate  朝活　午前中は家で,9
with tqdm.tqdm(total=...) as pbar:    with concurrent.futures.ThreadPoolExecutor() as executor:        ...今週末はこういうpythonスクリプトを山ほど書いた。良い感じのラッパーで簡略化したいけど、tqdmのtotal引数が物によって違うから上手くいかない,0
「Pythonによるあたらしいデータ分析の教科書」の2周目を愚直に進めます。今日は 第１章、「データ分析エンジニアの役割」から始めます。#データサイエンス #Pythonによるあたらしいデータ分析の教科書,0
上司「○○さん、pythonできます？」私「えっ？」,0
今起きたのでもう少ししたらPythonの勉強始めます,3
面白そうなのが流れて来たので / 【Python】相関関係をグラフ（ネットワーク）で可視化する【Pyvis】 - はやぶさの技術ノート https://t.co/d7SmLlIg3S @Cpp_Learningより,1
pythonで株価分析① ●誰でもできる株価分析●株価取得からグラフ描画までを書きました。 https://t.co/ojGJ3SSZ4H #GoogleColab #python #株価分析 #米国株,1
Python、どれだけ他の言語に劣っていようとも普通のことするには書きやすいので困らんのよな,2
AIロトちゃん#python　でロト6とロト7を予想しています。よろしくお願いしますお願い　#フォロー　#固定ツイートをリツイートお返し　#フォロバ　#固定ツイートをRT#フォロバ100#相互フォロー #相互100#RT拡散希望#note#note大学https://t.co/JaBVM8lLDm,3
@bootjp @27Cobalter [Python] Pyinstallerで実行ファイルがマルウェアに分類されてしまったときの対策 - はまたんく https://t.co/NcyRmGJt53,0
5_DのC++言語と同じ動作をするプログラムはわからなくて断念しました。今日はトピック6からやっていきます。#Python #Python初心者 https://t.co/XTqsxirMKz,3
【G検定攻略ガイドYoutube】G検定出題分野を解説｜https://t.co/UCzSy3cPKR#G検定 #ディープラーニング #AI #人工知能 #資格 #Python2021-02-08 10:34:21.366732,0
Pythonのjoinで文字列を結合する - なるぽのブログ https://t.co/qCchEyjm88 #Blog #ブログ #Programming #プログラミング #Python,3
@Python_357_ 結果は動画を確認してね！詳細はDMで３日以内にお知らせいたします。 https://t.co/CeeFymPg4s,0
Python入れてたけど、どうやってコード書くかわからなかったから、昨日やっと環境整えて。HelloWorldって書いてたwwwちょっとくらいプログラム描けるようにするわ🙋‍♂️,1
pythonでLSTMに入れるデータ修正してたらメモリオーバーで発狂しちゃった,5
M1ネイティブで動作する「Python 3.9.1」出てるのね…なんかめちゅちゃ速そう,2
2020年刊／レビューあり／コロナ社実践 Pythonによるデータベース入門MySQL，MongoDB，CouchDBの基本操作からアプリプログラミングまで https://t.co/FOqHnlXyXZ https://t.co/rUjPJRpSF7,1
Pythonコードを書くのはノリノリでやってたけど、全体テストになったら面倒になって動かしてない（動かせ,0
はてなブログに投稿しました #はてなブログPythonのmatplotlibでグラフのx軸とy軸の目盛りの増分を等しくする方法 - collatz’s bloghttps://t.co/bvfqOgvGpQ,1
#今日の積み上げ#Python#駆け出しエンジニアと繋がりたい今日はudemyのデータサイエンス25時間ブートキャンプ土台の数学、確率からやってますがさっぱりで御座います、学び方もまだまだ模索中😭若い人達へ:学習を年取っていきなり始めると、勉強の仕方からリハビリが必要ですよ〜😭,25
最初の自機が「Justice Python」で後半戦で「Magi Force」と合体して「Python4.0(4th.Force)」になる盛り上がるシーンを妄想してるんだけど・・完成前にPython4.0リリースされるんじゃないの？,4
魔界戦記ディスガイアこれもうプログラムのゲームでしょ。Pythonじゃんこんなの。,1
"# 関数msg = ""Global"" # グローバル変数def say_hi():    # 関数の中で宣言された変数はこの関数の中でのみ有効である。    # スコープ    msg = ""Local"" # ローカル変数    print (msg)say_hi()print (msg)【Python】",0
いいサイトに巡り合えると勉強のスピードが段違い、やっとPythonとdiscordが繋がってきた感ある,1
昔React NativeでAppの開発をしたことがあるのだが、結構無理くりやって仕組みとか理解できなかった。やっぱりまずはSwiftとかからしてみようかな。でもPythonも興味ある。,1
#Qiita に投稿しました 🎉 LGTM希望 💕HTMLファイルをpythonでPDF、イメージ出力 #駆け出しエンジニアと繋がりたい #プログラミング初心者と繋がりたい #Python https://t.co/UudQCJjQ1S,19
Pythonが圧倒的な1位、2021年エンジニアが学びたいプログラミング言語 https://t.co/BmigbyTN8e @ledgeaiから,2
#Python 関連の最新注目書籍#Webプログラミング 部門売上ランキング 18位！『スッキリわかる Java入門 実践編 第2版 (スッキリシリーズ)』https://t.co/zRWREK0pJC,0
python2とpython(Flash麻雀）,0
おはようございます。#今日の積み上げ・Python学習・筋トレ・読書今日もInstagramのアカウント検索のプログラムを書いていきます。自分でコードを考えて書くのは大変ですが、今まで書いたコードや検索した記事を参考にやっていきます。#駆け出しエンジニアと繋がりたい,27
お昼です🐶#今日の積み上げ・Udemy #Python 基礎講座・Udemy #Webスクレイピング・Progate jQuery今日も1日頑張りましょ〜#プログラミング初心者,12
Halo！春休みは途中で放り投げちゃったpythonの勉強とお金の勉強しようと思います！そしてこのアカウントでは、大気中に充満しているプラーナを摂取することで何も食べずに生きる生活を推奨していきます！！！#嘘だよ#医クラの挨拶#環状低エコー,8
既得権益のごとくExcelとかと癒着してるくらいしかメリットのないVBAとかいう言語は全人類のためにさっさとその座をPythonに禅譲してください,1
@ma_anago Pythonの読み方を知らず、「パイトン」書けますか？ときくオッサンがいたらしいでっせ,1
＃今日の積み上げ 予定・散歩・Python#1～(ドットインストール)・模写コーディング今日から模写コーディング始めます。最後までできるかな🤔無理そうなら写経に切り替えるかも🥺#プログラミング初学者 #プログラミング勉強中#駆け出しエンジニアと繋がりたい,28
Python: 配列の中身をファイルに保存・読み込み - https://t.co/zh2iEsOuiv,2
#Python を勉強する理由→データサイエンティストを目指す上で身につけたいプログラミング言語だから。#英語 を勉強する理由→コロナが落ち着いたら1人で海外に行きたい！英語の記事を読めるようにしたいから。#読書 する理由→自分の人生をより良くするためのヒントを探すため。,9
弊社メディア テクノヒントでも「エンジニア」と「年収」の関係を取り上げたが、言語別で年収が変わる、とは面白い。Pythonは20代で403万円、2020年プログラミング言語別の平均年収 https://t.co/dNhLtrbyR5 @ledgeaiより,1
"早速, Pythonのコードを実行していきましょう.Jupyter Notebook（以下Jupytert環境）を使えば, Pythonプログラムの実行は, とても簡単です.（Google Colaboratory（以下Google Colab）もほぼ同じ内容です.）コードを入力して実行操作するだけで, その結果が表示され,",0
py2exeをpython 3.7でも使えるようにする方法を解説しました。pyinstallerよりも高速なのでpy2exeは良いですね。https://t.co/TYGpDXBX2V #py2exe #pyinstaller #python #プログラミング #プログラミング講座 #プログラミング解説 https://t.co/sIqsYW8byN,2
非エンジニアのためのPython仕事活用術・薬剤反応データとウィルス遺伝子データを利用して回帰・HIVの薬剤耐性がどのアミノ酸になるのか？予測・Pythonやると世界が広がる！！https://t.co/Qh4oDrGWwM,0
"日本のツイートトレンドTOP10は['指定暴力団組織', 'サイコパス度テスト', '組の評判', '#SuperBowl', '#スーパーボウル', '#SBLV', 'ゴジラvsコング', 'ブレイディ', 'チーフス', 'サイコパス人間']です #Python #Tweepy",0
モンティ・パイソン　ビデオCM　Monty Python video cm https://t.co/YGXHzXqG7M @YouTubeより,0
@rollcake66 Pythonのモジュールを使用すると、徹底的に数学を学ぶこともないと思うのですが、「なぜこうなるのか？」という部分を突き詰めると、やはり概念だけでも理解しておいた方がいいなと感じています。難しいですけどね😅,3
【売れ筋ランキング（コンピュータ・IT書籍）】
グ超初心者が初心者になるためのPython入門（１）　セットアップ・文字列・数値編」 たっく (著)、ちょっぷ (著)
が「加速」する世界に備えよ」 ピーター・ディアマンディス…
q7x,1
ラズベリーパイより、2月8日10時0分の空模様と気温 -9.875℃ #raspberrypi #python #fswebcam #photo #北海道 #オホーツク #イマソラ https://t.co/yJ5noF69hD,0
【自動ニュース】植木組(1867):「株式分割、定款の一部変更および株主優待制度の変更に関するお知らせ」で株式分割を発表#株 #株初心者 #株式投資 #投資 #投資初心者 #Pythonhttps://t.co/ODbBqRzU44,2
2021-02-08 10:00:01仙台市現在の天候：Light snow shower　　　気温：1℃#仙台の天気#プログラミング #Python#相互フォロー #フォロバ100 #followback,5
文字列に対する操作でエラー吐かずに強制終了しやがったことは一生根に持つからなPython,0
読者モニター募集https://t.co/XDxqn6g14p入門　サイバーセキュリティ　理論と実験- 暗号技術・ネットワークセキュリティ・ブロックチェーンからPython実験まで - https://t.co/fDkPXbrrfN  応募期間：2月18日（発行予定日）まで,7
Pythonはﾁｮｯﾄ組むなら本当に便利だなぁ(なお大規模プロジェクト),4
OSS の開発プロセスに疎いのでPython 4の新機能に何が盛り込まれる予定かなどはどこを読めば良いのか分からない(PEPでは？ ),0
【プログラミング学習のProgate】Pythonのレベルが30にUPしました！ https://t.co/ONdaoN7v4xJAVAやらRuby等、様々なプログラミング言語があるが、拡げすぎても混乱しちゃうと思われる🤣。Python🐍一択に絞りたい処😊😊。#プログラミング学習 #プログラミング独学#駆け出しエンジニアと繋がりたい,23
なんかpythonの環境壊れたんやけど。環境構築/修復に1番時間かかってる気がする。こういう時だいたい一回は、全て消し去ってゼロからやり直す。って選択肢が頭をよぎる,0
（PythonでJSON使うの、そんな便利じゃないなーって思ってた）,3
Pythonサイコー！#相互フォロー #フォロバ100 #フォロー返し #フォローバック #フォロー返し #フォローした人全員フォローする #相互フォロー100 #フォローしてくれた人全員フォローする#folloback #FolloMe #follo4follo,1
Python・Java・C言語・Ruby・SQL・PHP・HTML/CSSなどなど…人気言語が動画で学べる初心者向けプログラミングレッスン「paizaラーニング」です  https://t.co/QjCYcgWusj,5
本 Deep Learning Pythonで学ぶディープラーニングの理論と実装 2章のアウトプット　パーセプトロンという古いアルゴリズムを理解しておくことによって今後のAI学習の理解が変わる。AND NAND OR XORゲートについて知る。言葉の抵抗などが少しなくなった。難しいのは段階的に理解していく。加算式の勉強,4
「Python 3 エンジニア認定データ分析試験」の模擬試験を受験したところ、正答率は75%でした。合格ラインが70%なので、合格ラインぎりぎりにいるみたいです。まだまだ知識の定着があいまいので、本番までにさらに勉強していきます！「勉強頑張れ！」を込めて”いいね”を押してくださると嬉しいです！ https://t.co/Zjx0TatmJQ,18
pythonでブラウザ動かせるし作っちゃおー（期末あと）,1
おはようございます☀️#今日の積み上げ ・Pythonの勉強・読書・英語学習今週も頑張っていきましょう！#プログラミング初心者#駆け出しエンジニアと繋がりたい,42
Pythonで日本語が使えない問題の解消 https://t.co/zrdlMIdFIP #tomooneblog,0
つまづいてはいるけどすんなりここまでは来ました。#React #Django#Docker#Python#駆け出しエンジニアと繋がりたい#プログラミング初心者 https://t.co/C2eyqfxwda,29
おはようございます！＃今日の積み上げ・英語・Web制作・Python復習・マーケティング今日は少し出掛けるので早く終わらせます！作れるものが増えてきて、とても面白いです#継続#プログラミング,13
@KawaiiBOTz Source found on Pixiv!Similarity: 96.51%Title: “似合うですか？”Author: 爆炸钢笔@SEALiSMhttps://t.co/8IsZXIesbnSource found via SauceNAO Python API Wrapper @ https://t.co/Y1XKgwPaCt !,1
Python、基本的な構文は知ってるつもりやたけど左シフトの書き方とか知らんかったわ、、基本情報対策の問題集で初めてみた、くわばらくわばら〜🤪,8
Python、JavaScript、Rubyの三つのスクリプト言語を使って、それぞれの言語におけるif文の書き方に関する記事を書きました。https://t.co/Cj43YSDudf,0
@asuma__jp あすまさん！おはしとございます！ですよね！自分はpythonから入ったのでCSSで基本構文使えないのかなってずっと思っていて出会えた時感動しました笑タスクランナーはまだ使ったことがないので楽しみです！,1
Pythonずっと使ってきたけどGo言語使ってスクレイピングしてみたい,1
"PythonにはPython2系とPython3系の2系統があり, 文法が一部異なります.Python 2 と3ではコードの書き方が変わっており, 本講義ではPython 3に基づいています. ちなみに, Python 2のサポートは2020年までとなっているため, 今後はPython 3を使うことをお薦めします.",1
日常とpythonをどうむすびつけられるかだなぁPythonで毎日を楽しくするにはどう付き合うか、何と関連があるかをリンクさせたいところ🍀😌🍀,0
LINEの半bot、保護botのソースやPythonista3の使い方ソースの書き方やlinepyライブラリを販売しております！詳しくは固定ツイートのLINE非公式アカウントまでお越し下さい#Python#LINEbot#Pythonista#Pythonソース#Pythonista使い方#保護bot#半bot#linebot#Pythonソース#プログラミング,1
いつおんチャンネルで新しい動画を公開しました。【Automatic Composition】来生-Kurumu V1-No．99【アルゴリズム作曲】 https://t.co/3gdrZXdakY#音楽 #Python #自動作曲 #プログラミング #Youtube,0
&lt;br&gt;【FINAL SALE】【ファイナルセール】&lt;br&gt;NIKE AS M NK PYTHON FUTURA LS TEE&lt;br&gt;ナイキ パイソン フューチュラ Tシャツ&lt;br&gt;WHITE [楽天] https://t.co/w10mNPZ3FP #RakutenIchiba,0
@KawaiiBOTz Source found on Pixiv!Similarity: 95.3%Title: ココアちゃんAuthor: 椿https://t.co/3e16xpKRp6Source found via SauceNAO Python API Wrapper @ https://t.co/Y1XKgwPaCt !,1
日経平均　月足リーマンショック安値と2018年高値でフィボRを引いたときの高値を超えてから伸びがすごいので目途としてフィボエクスパンション計算したら123.6% 28796円138.2% 31377円となるみたい。3万超え前に調整入るならばそろそろいい水準だけど…まだまだ株価強いよねぇ#python #OANDA https://t.co/L3jCXIRyHi,0
python特有の謎文化である curl うんたらかんたら/install.py | pythonとやるとき、ダウンロードの進捗出してくれないやつだとちょっと不安になる,0
(*￣-￣)ふ～ん。eventっていろいろな情報を出しているんだなぁ。ボタンの表示テキストをgetすることができる事はわかったが、実際のコードがうまく動作しない。確認、確認。#Python #tkinter,0
#今日の積み上げ ✅マーケティング学習✅Python学習 ✅広告運用学習✅Liquidコーディング朝カフェデイトラ Python 学習終了プログラミングもやればやるほど鮮明度が上がってくるまだまだだけど笑ゆっくりコツコツ頑張ります💪#デイトラ #駆け出しエンジニアと繋がりたい,28
"今日の予定ブログ作成(2,000文字)資格勉強(統計検定2級、応用情報)プログラミング(python100本ノック)",1
おはようございます❗️❗️❗️本日の作業です❗️■YouTubeチャンネル分析外注関連宿題対応■その他読書（AI関連、マーケ関連）Python Twitterbyエル#今日の積み上げ#YouTube  #YouTuberと繋がりたい#おは戦30208fg #読書,35
"人は、何かの学習が進んで景色が変わっていくと自分の当時の焦燥感やストレスを忘却しがちだ。この記事は、初学者の迷いや焦燥感などを生々しく社内皆で想像し、照準を定めて作った。""データ分析 Python""でググると1-3位に来るので、ニーズにドンピシャだったと思っている。https://t.co/4FtCfrJstq",43
@El4lQmonosiwnf 確かにpythonに似ていますね！その辺は好みでいい気はします！,0
"今日もUdemyのセール（1,610円～）やってますね。【感想あり】おすすめのUdemy動画講座：機械学習・データサイエンスに必要な数学とPythonの入門編【随時更新】 | Quant Collegehttps://t.co/QfPaNMfGud",3
35に鶴がPython選んだって言っとけばよかったか？,2
@web_growup あんなこと言っといて、自分はSassで書くつもりです😂インデント気にする部分がPythonと似てるので笑笑そこほんと気をつけないとですよねー😓,1
リスト、... 『ゼロから学ぶPythonプログラミング　Google　...』 30分 16ページ https://t.co/BFlV7GFHN2 #studyplus,1
python耐えた,0
おはようございます!![TO DO]・Coding with Python・Review HTML/CSS and Javascript・watch videos about python,2
cojimaru BLOGを更新しました。【python】Webスクレイピングで高配当株 スクリーニング自動化ツールを作成した① - cojimaru BLOG https://t.co/siedDZNgxz#python #高配当株 #スクリーニング #スクレイピング,4
新ブログをGatsby+Contentfulで作り直しているけど、一番ネックになるのは記事移行だよなぁ。画像、ショートコード、登校日、カテゴリ情報、その他メタ情報...今後のためにPythonあたりでスクリプト書いてもいいけども。,0
@pythonexcel おはようございます‼️今週もよろしくお願いします😆Pythonで楽しみましょ～😀,1
@python__357 ぱいそんさん、おうち買うんですか？😍,2
"日本のツイートトレンドTOP10は['サイコパス度テスト', '指定暴力団組織', '組の評判', 'スーパーボウル', '#SuperBowl', 'ゴジラvsコング', '#解決KingandPrince', '#SBLV', '#おは戦30208fg', '#冨岡義勇誕生祭2021']です #Python #Tweepy",5
@El4lQmonosiwnf Pythonやってるんですね！難しそう、、凄いです！,1
Pythonさん出来ない(出来るけどメインストームじゃない)事を数え上げるとゲームPC やモバイルのアプリGUIWEB (聞かなくなった)意外と憶えても お仕事で使う機会少ないのでは(競合を減らす作戦)2021年エンジニアが学びたいプログラミング言語 https://t.co/zI6YvWqR8D @ledgeaiより,1
今日はこれ読みます！『²Àfð¨©¯µÄ¢Ü·I』https://t.co/qIRsf9g716#駆け出しエンジニア #python,5
おはようございます‼️先週までダウも日経もつよつよな週でしたが、今週もこのまま強いと嬉しい(´∀｀∩)↑age↑土日はゆっくり休みましたので、今日からpythonを頑張ります😆今月の目標に向けて着々と進めていきます🥰今日もよろしくお願いします✨✨#駆け出しエンジニアと繋がりたい,25
2021-02-08 09:00:01仙台市現在の天候：Light snow shower　　　気温：1℃#仙台の天気#プログラミング #Python#相互フォロー #フォロバ100 #followback,4
目の前のPythonデータ分析エンジニア試験に集中したもん勝ち。,1
おはようございます！！#今日の積み上げ・記事作成・ポートフォリオデザインカンプ・提案文・Python udemy 技術書ガンガン成長していこー！！！今日もコツコツ！！#ビギナン#プログラミング学習#駆け出しエンジニアと繋がりたい#Python,30
おはようございます。#今日の積み上げ ・朝散歩&amp;ランニング・テキスト作成・資料作成(仕事)・資料作成(セミナー用)・Python稼働確認これでいきたいと思います。朝から運動して、生産性ある1日にしていきましょう😊,2
Pythonの勉強法については目処がたったので、マーケティング関連の本を探さないと！,2
#今日の積み上げ、#本日の積み上げゆっくりするヨガの練習犬の散歩掃除、　お昼寝する寝る読書python HTMLCSS今日はゆるゆる勉強ヨガはしっかり練習夜のレッスン指導asics低酸素スタジオピラティス指導ストレッチ指導犬の散歩英語の勉強ロジックで遊ぶゆるっと寝る,10
FirestoreのバックアップをCloud Functionsで作成する [Python] on @Qiita https://t.co/s2psLuHWl5,1
「なぜ行列なのか？」使っている人には常識かもしれませんが、初学者には疑問かもしれません。「連立方程式が行列で解ける」の一言で理解は進むかもしれません。#機械学習 #python #線形代数,0
"Pythonが圧倒的な1位、2021年エンジニアが学びたいプログラミング言語 https://t.co/6nfXMGlysS @ledgeaiより 言っちゃ悪いけど、40,50代のPython票率は、政策はしらんが知名度だけで選挙で投票するアレを感じるぞ・・",6
最近、よく聞くようになった「人工知能」この技術はPythonの登場により、急速に進歩しました。そして、今でもPythonエンジニアは求められています。転職の選択肢を増やすためにも学んでみてはいかがでしょうか。,3
今日はVisualStudioでWindowsアプリな研修担当。今年に入って、初めてのPythonじゃない登壇。,2
私の身につけたい言語はPythonです！　#パソナテック　#エンジニア,0
Django：2タイプのCRUD記載方法について特徴と注意事項のまとめ https://t.co/W6YmtoaQgU #Django #Python #プログラム #プログラミング初心者 https://t.co/ba1JahLzfn,7
Pythonファイルで時間を扱う場合の注意。heroku 上で実行する場合は、datetimeが国際標準時になってしまう。日本標準時にするときは、+9するのを忘れないように。#pythonメモ,0
Pythonの環境構築、1回目失敗笑#pyson,0
@KawaiiBOTz Source found on Pixiv!Similarity: 97.45%Title: ナターリアAuthor: 椿木 かえhttps://t.co/eDPpitpb1eSource found via SauceNAO Python API Wrapper @ https://t.co/Y1XKgwPaCt !,0
pythonとか間隔開けないと長くなった時にわかんないね,0
Python引き続きndarrayの操作方法あれこれ#100DaysOfCode 753,2
昨日見せてもらったロンドンオリンピックの開会式が映画みたいでワクワクした^ ^Monty Python's Eric Idle - London 2012 Performance | Music Monday https://t.co/IjFqgDlfrB @YouTubeより,1
ITエンジニアが学びたいプログラミング言語1位は「Python」 =パーソルキャリア調べ= | ICT教育ニュース https://t.co/ZkyTqixVNc https://t.co/KWhUcLLXPo   #ICT教育　#ICTEnews　#教員　#教育,2
C言語は私もgccでコケた。。頑張って写経続けてはいたけど・・・。それに比べたらPythonはホント神。（Pythonというか「開発環境の充実」が神なのかもしれんけど）,0
"#Python 関数の引数に * をつけると配列とタプル、 ** をつけると辞書を展開する。func(*[1,2]) は func(1,2) と同意。func(**{'a':1,'b':2}) は func(a=1,b=2)　と同意。[23]",0
0. Pythonの基礎    Python入門        1.Jupyter Notebook（Google Colab）の使い方        2.Pythonの基礎        3.リストと辞書型        4.条件分岐とループ        5.関数        6.クラスとインスタンス    総合練習問題,0
おはようございます😃今日も空き時間でスキルの積み上げです#今日の積み上げ✅英会話レッスン受講✅英語学習✅Data Camp python✅読書✅筋トレ体調が今ひとつ良くないですが、在宅ワークだと様子を見ながらできるから良かったあと隙間時間は作りやすいですね👌,9
@kuropy 環境整える込みでの基礎体力つけるという意味であれば僕が一番タメになったなと思うのはN予備校でした！！！本ではないです。最初はjsでやるはずなのでそのままgasにも知識が活かせるはず。pythonは実務で使ったことないので言及を避けます！,1
プログラム界での挨拶コードが送られてきた多分言語は #python https://t.co/yYqjc89qyZ,1
というかPyPyのことよー知らんけどPyPyの方が早い認識だけど、PyPyだけTLEしてPythonはACするのなんなんや（こなみかん）,2
Python駿河 勉強会 #22 ～Python名著をつまみ食い～ に参加を申し込みました！ https://t.co/fBqK9Bcu7C #pysuruga,1
アラームのスヌーズ機能を良いことに五度寝しました💦おはようございます！😺眠い目こすって #今日の積み上げ してまいります1⃣ #Python🐍/#Django 試験対策＋プログラミング2⃣アウトプット＆アイディア出しメモ#AWS は、しばしお休み#プログラミング初学者 #駆け出しエンジニアと繋がりたい,27
"【現役エンジニアが厳選】2020年に学ぶべきプログラミング言語トップ3 https://t.co/RmKSpkafEK via @YouTube 1. JS, 2. Python, 3. Javaだそう。2020年なのに？と一瞬思ったが、やっぱ現場は堅実。ホッとした。",1
2021/02/08（月）6時59分朝活開始6時25分起床pythonの問題、30問データベーススペシャリストの勉強113p/575(+15p)日曜日中にnumpyを終えることができず...明日までに終わりたいDBは、正規形と関係演算を学びました。50%くらいの理解ですが、先に進みます#ルーティン #朝活 #今日の積み上げ,7
［読者レビュー］独習Python（翔泳社）Pythonに関して体系的に知識を整理する良い機会となりました...https://t.co/sMBPo7PAVX,2
Mayaではpythonコマンドも使用できる。pythonはシンプルでわかりやすいため広く使われている言語で、モジュール(追加機能)も多数存在する。melコマンドのpython版も存在するため、melに慣れてきたらこちらも勉強してみよう。なんならこちらから始めてもよし。,0
@python_flip ご応募ありがとうございます🎉 下記ページから抽選結果をご確認ください！当選者様には、DMもお送りします。 お礼にドスパラ通販『税別5000円以上で使える500円引きクーポン』プレゼント🎁【クーポン：G0204】▼抽選結果▼2/10 まで毎日実施🎊https://t.co/dOJNLtbK48,0
#iPhone で #Django を #表示 させることに #成功 した#林檎ちゃん と #琴璃ちゃん に 教えてもらいながら #Pythonista という #アプリ を使ったとても簡単にできたこれで どこでも #WEBアプリ開発 できてしまうかも#ミニマリストやめたい 参考になりました🙇‍♂️https://t.co/tkgv7jfs7l https://t.co/R8uEGppZqU,1
Binary numberはPythonに消される※BotによるTweetです,1
【Python】相関関係をグラフ（ネットワーク）で可視化する【Pyvis】 - はやぶさの技術ノート https://t.co/g694tlMKXm @Cpp_Learningから,1
@Ayu_python  エラーやバグを早く解決する方法！なかなか思い通りにいかない、どこで間違えてるのかよくわからない、そんな時は、print使って、怪しそうな変数を出力してみる！printって聞くと初心者のイメージだけど、プロのエンジニアでもやっている方法らしい！#プログラミング学習？そ,2
新しい記事を投稿しました。: Pythonで指定した文字で分解するsplitと結合するjoinの使い方 https://t.co/UqrDDy7tI7 #Python入門,0
ポケモンのデータセットを分析するにあたって、ポケモンを英語名から日本語名に翻訳しましたここではその方法について実際のPythonコードを全て公開しながら解説してみましたデータはスクレイピングで収集し、Pythonを辞書を利用すると簡単に英和辞書ができますhttps://t.co/GpAwdPN5Q8,0
今日のPythonつまずき…でも思った通りに動いた時の感動がたまらんですな！なんて私初心者ですから。この気持ち大事にしたい。 ##Python勉強中,0
なぜObject Pascalがない？ Delphiはそんなにマイナーなの？--Pythonが圧倒的な1位、2021年エンジニアが学びたいプログラミング言語 https://t.co/PPUBI3pmv4 @ledgeaiより,2
2021/02/08（日）10時30分朝活開始9時30分起床pythonの問題、5問データベーススペシャリストの勉強98/575(+20p)昨日の実績花束みたいな恋をしたを見てきました。たくさんの感想をもてて、重すぎない良い映画でした。見た後に2時間ぐらい感想戦をしましたw#ルーティン  #今日の積み上げ,7
@Python_regius01 一年筋トレしてきて、やっと変化してきました🤣長い道のりでした🤣これからも頑張ります❤️,1
@sirius_cma1 ありがとうございます。この本は、ほんの入口ですので、Pythonに馴れてきたら、次のステップに進んでくださいね。,2
@hiro9aco 両方ですが、今の業務を、と言う想定では無いのです。現職ではPythonのインストール出来ないですし、G workspaceへのアク禁されててそもそも使えないので🤣エクセルマクロは引き継げる人もいないので分析用にPower Queryだけ頑張ってます。。。,0
ファイル操作のためにシェルスクリプトを勉強しようと思っていたけどPythonが使える環境ならPythonの方が楽かもしれないな……,0
久しぶりに早起きしました😄今日は午前中にテニスして午後に散髪してから課題とPythonをやろうと思います👍,4
New post: Pythonを使ってヤフーファイナンス情報を取得、スクレイピング #python #スクレイピング #ヤフーファイナンス #企業名https://t.co/MzhA4ktCXB,1
Python projects for beginnersですぞ　https://t.co/0s8Bnl6qNZ #zenn,1
pythonの正規表現という記号解読作業にやっと慣れてきた、便利だけど難しい,0
おはようございます#今日の積み上げ・sunshine radio up・おはようQuote・Python学ぶ・早く寝る▶ちょっとだけ滞ったのは、人と話してないから。誰かと会話したい…猫語はある程度分かるけど、まだ会話になってない気がする…,8
相変わらずPython学習を進めてる！今日は午前にaccessの勉強。access資格もあれば使えるよね？,2
MeCabとか。Pythonデータ分析エンジニア試験は、ガチ。,0
Pythonのオブジェクト指向における『カプセル化』『継承』『ポリモーフィズム』の3つの用語について解説します。https://t.co/BFcoN4eyqA#Python,0
おはようございます！普段この時間は寝ているのですが、キックオフミーティングのため早起😌初めてでドキドキしますが何事も経験！って感じでやってきます😃axiosでDjangoにPOSTするのがハマりがちなのを解消したいこの頃です😌#python #django#javascript#駆け出しエンジニアと繋がりたい,76
【ブログ更新】- #今日の積み上げ- #ブログ更新しました- 今日の #python　で #ブログ書け- 今日も #界王拳 で #作業ロケット- もっと #プログラミング初心者 や #駆け出しエンジニアと繋がりたい【python】２つの実行方法がある【→プログラミング初心者向け】 https://t.co/xeDP7C4y2U,25
文章から読み取れた。Pythonデータ分析エンジニアは、すごいぞ⁉️,0
おはようございます！今日もプログラミング副業に勤しみます！久々のpythonで慣れないことが多いけど楽しんでやっていく！#リベ大#プログラミング副業#fireして人生の楽園やりたい,5
[定期]スタートアップとか新規事業開発とかそんな響きの言葉が好きなPythonエンジニアです。事業企画に役立つ個人開発プロダクトを作ったりしてます。よろしくお願いいたします。,0
喫茶店今日は軽くPython触って、気になっていたKaggleコンペが今どうなっているのか様子を見に行ってきました。かなり順位変動してるな。という印象。ちょっとゆっくり目に過ごしています。Kaggleで実績積むのも大事だけど、基礎の数理モデルがスカスカなので、まずはそこをどうにかしたい。,8
@lnvestorX ぐしさんも一緒におっPythonしばこうぜい(ง`▽´)งﾖｯｼｬｧ!,1
議事録作れって言われたから、pythonで楽したいけど流石に社外秘の内容をAPIでやり取りしたらあかんのだ,0
おはよう！電車でPythonの本読んでる結構分厚ので考えたんだけど知識欲が止まらない#駆け出しエンジニアと繋がりたい,7
おはようございます！☀🧪ブログ更新🧪皮膚科行く🧪Udemy Python今日も昨日の自分を超える🔥#駆け出しエンジニアと繋がりたい#プログラミング初心者,12
@lnvestorX おっぱすございます！　今日はPythonしばいてくる！,1
Solo LearnはもともとPython目当てでやり始めたんだけど、Python関連のコース増えてる？既存のやつにもちょっと増えてる,0
インタラクティブとインタープリタ、いつもどっちがどっちだったかわからなくなる。Pythonなどで対話式にコード書いてくやつ方が、インタ... です,1
"日本のツイートトレンドTOP10は['サイコパス度テスト', '#解決KingandPrince', '指定暴力団組織', '組の評判', '#おは戦30208fg', '#冨岡義勇誕生祭2021', '丈くん舞台', 'ゴジラvsコング', '#ちょうどいいラジオ', '義勇さん']です #Python #Tweepy",2
Pythonが圧倒的な1位、2021年エンジニアが学びたいプログラミング言語 | https://t.co/UhggqkVYT0 https://t.co/PbBSmay9c6 #AI #人工知能 2021年02月07日 23時00分,1
ラズベリーパイより、2月8日8時0分の空模様と気温 -17.625℃ #raspberrypi #python #fswebcam #photo #北海道 #オホーツク #イマソラ https://t.co/7OqWgMOH39,1
#今日の積み上げおはようございます☀本日の献立:youtube風サイトアップロード作成朝からバタバタしてたので朝ごはんは食パンに目玉焼きのせです🍳本日も1日楽しんでいきましょう✨#Python #Nocode#駆け出しのエンジニアと繋がりたい#おは戦30208fg #朝活,62
pythonの謎の高速化tips、まとまってるところとかないのかな。,1
今はプログラミング初心者で、HTMLとCSSを勉強している身ですが、板についたら、Pythonに着手してみようかな🤔プログラミングに関わっている人は、初心者問わず、一見の価値ありの記事です。#プログラミング#プログラミング初心者https://t.co/faJKir47HQ,12
2021-02-08 08:00:01仙台市現在の天候：所により曇り　　　気温：-1℃#仙台の天気#プログラミング #Python#相互フォロー #フォロバ100 #followback,7
Python学習コースⅤを5ページ目まで修了しました。9ページまでやって、具体的なbot作成に一度手を入れてみます。#Progate #プログラミング初心者 #Python https://t.co/gMmxVXK9nm,31
本日のTodo・TOEIC の復習・文法unit6-10まで・Python模擬試験受ける・Python模擬試験の復習,9
2/8・HTML＆CSS Progate 道場 上級・Python 基礎・英単語おはようございます☺️仕事ある日も4時半に起きたいのですが、流石に体力もたないので、上手く時間使っていきます…！#今日の積み上げ #駆け出しエンジニアと繋がりたい #プログラミング初心者と繋がりたい#Progate,72
@KawaiiBOTz Source found on Pixiv!Similarity: 96.7%Title: イベント帰りAuthor: りょうちんhttps://t.co/DAaEUESbKvSource found via SauceNAO Python API Wrapper @ https://t.co/Y1XKgwPaCt !,2
今日は出力したCSVファイルをGoogleスプレッドシートにインポートして、なんかいい感じに見た目揃えて画像として出力するまでしたい。一応PythonでGoogleスプレッドシートを操作することまでは確認できてる,1
pythonだと普通はn**2よりn*nのほうが早くなるはず……,4
草の根DXが一応は終了したので東京のショコラティエのチョコを独りで全部食べる。お祝いと言うか、最近土日もずっとPythonでプログラミングしてたので疲れたから。 https://t.co/6Q1BO6CNR8,2
pythonのn*nとn**2の速さの違い、初見でタイプ数の話かと思ってたら演算速度の話か,2
@python_lady お疲れ様でした。美味しそうですね。,1
@jun50_python 暇だったら入ります(),2
さて、今日もTOEIC とPythonの勉強を頑張るぞ,11
私の身につけたい言語はPythonです！　#パソナテック　#エンジニア,1
@jun50_python たのしそう,1
今日は1日Python（パイソン）を学ぶ。,2
プログラミングの本を読む小学生のこどもに影響されて、私も隙間時間にイチからPython勉強中！役に立つかな？,5
おはようございます😃#今日の積み上げ #Python不具合調査#英語学習 　toeic 文法#資格 　itストラテジスト午前2月曜からとにかく頑張りましょう^ ^#駆け出しエンジニアと繋がりたい#エンジニア初学者#プログラミング初心者,19
@jun50_python 今から行くからなー,0
@jun50_python にゃー？,1
おはようございます☀️昨日は実家帰ってゆっくりしたので、今日からまたリスタートです。Laravelでアプリ作成の続きと、Pythonの勉強頑張ります。#駆け出しエンジニアと繋がりたい #プログラミング学習 #Laravel #Python,12
@jun50_python それでいいのにゃー自分はけものさんがすき,1
おはようございます😊#今日の積み上げ✅タイピング練習✅SQL(Progate)✅Python(Udemy)✅基本情報技術者の勉強着実に目標達成に向けて積み上げていきます😀分からないことがあればググる癖が身に付いてきた気がします💻今日も一日頑張ります☺️#駆け出しエンジニア,19
@python_lady 手抜きには見えないです😇,0
2021/02/08 #今日の積み上げ ・C++勉強　・Errorログ出力（マクロについて。セグフォあたりを中心に調べる）　・「オブジェクト指向でなぜつくるのか」第５章（4章読み直し）・AtCoder　茶色相当　２問#プログラミング学習 　#C++  #Python,4
@jun50_python ろりこんかにゃ？,1
さて次なる目標は・休止してたジムの再開・Pythonあたりやるかなぁあ、fxもゼロからスタートしないと,1
おはようございます。今月はPythonを頑張っているのですが、勉強していく中で、ベクトルや行列、微分積分などが登場してきてます。多少…高校で勉強しておいて良かったなぁと思うけど、数式の意味など、もっと分かりやすく説明できないのかぁとも思います。基礎は大事です。#新人研修,3
"Python基本構文の備忘録ファイルへ文字列(in_list)を書き込みwith open('output.txt', 'w', encoding='utf-8') as fp: for line in in_list:  fp.write(line + '\n')#プログラミング #Python",2
これ使えばラズパイpicoでキーボード作れるなPythonだからプログラム書くのは楽だけど、ループの遅さがどう響いてくるかhttps://t.co/O52LE0rOgI,2
@jun50_python ひんにゅーか　じぶんは大きいほうがすき,1
@jun50_python めんどいからパスで,1
経理のKW検索で、「経理 Python」を発見！今のところまだ強いKWではないですが、今後伸びそうなのでリサーチしています。#Python #Excel #経理https://t.co/wmMfVIrgTq,0
@python_lady お疲れ様でした！働き者のオネエたまおはよ！,0
@jun50_python にゃーん？,1
@jun50_python じゅんねこっておっぱい好きなのね(?),1
@jun50_python リムるってなに？,2
@jun50_python えっち,1
"@jun50_python に""　ゃ""　ー",1
@jun50_python 朝からやなもん見たわ,2
@jun50_python え、頭痛いのに行くんだよ…？寝るの…？,0
そういやぁ、Python Package Indexは《パイパイ》と呼ぶらしい☺️ こういう類の言葉に、まるで小学生のように無条件に反射してしまうオジサンです...👨‍🦳👍#プログラミング初心者#今日の積み上げ#自称ピーターパン,14
なんで機械学習で使われる言語ってpythonなの?よくわからん。,2
@jun50_python 学校来てから？行く前に？,1
@jun50_python わかる,1
python学習 9日目#今日の積み上げ位置引数デフォルト引数キーワード引数読書📖__________________,4
@jun50_python ぼーいんぐななな,1
今月のPython駿河はつまみ食い読書会です。Pythonプロフェッショナルプログラミングの一部（Chapter 5 課題管理とレビュー）を読書します。ペア読書方式でやろうと思っていて、余裕があったらGitHubで実践します。 https://t.co/pMnYuvMK0Z,1
今更ながらPythonの勉強を始めましたうちのネパール人従業員に教えて貰いながら将来を見据えて覚えとこうかとプログラミングとか高校以来やってねぇよ…プログラミング2級とかもうお飾りだよ…,6
おはようございます☀️昨日は【chromedriver】とゆうのを入れてpythonでchromeを開いてみました自分でコードを書いてPCを動かせるって楽しいですね😃命令を出してるみたいです今週も積み上げていきましょう💡#今日の積み上げ仕事webスクレイピング読書シャドーイング#プログラミング初心者,14
@jun50_python 今日行くからなー,1
@jun50_python ごめんなさいわかりません!,1
#アイコン晒して10RTきたら有名人見た人もやる　ってハッシュタグあるけど、確実に無理だと思う。まあやってみるけど。あと今日からc++とJavaScript勉強する予定(ディープラーニングにPythonが必要とかは聞いてない。),1
@jun50_python 設定で変えられるけど、確か5秒に一回が最も早かった気がする。2秒毎だと記憶装置が追いつかない,1
.【フルスタへの道🤞💪👽】Day 142: 2️⃣1️⃣-0️⃣2️⃣-0️⃣7️⃣🌞本日学習時間: 7.18h合計: 1024h日平均: 7.21h内容: 🔹 学校 (Python &amp; Flask)🔹 Udemy Python (Functions)🔹 Udemy JavaScript (Game with DOM) #プログラミング初心者#今日の積み上げ,8
おはよう🌄#今日のやる事【業務（研修）】☑️SQL＆Excelの追加課題☑️Access【業務外】☑️統計検定2級勉強☑️筋トレ（脚トレ）休日ルーティーンが終了し、平日ルーティーンへ切替😆習慣化して淡々とこなすだけ😎今日も1日頑張ろー🔥#統計学#機械学習#Python#SQL#プログラミング,15
@KawaiiBOTz Source found on Pixiv!Similarity: 92.38%Title: 楽描きまとめ３Author: へもぐろびんＡ１Ｃhttps://t.co/dlUkq7v7pWSource found via SauceNAO Python API Wrapper @ https://t.co/Y1XKgwPaCt !,0
おはようございます！#今日の積み上げ✅筋トレ　胸✅FE 午前H28秋✅FE 午後✅python 基本事項テストまであと少ししか無いけど、もう悔いが残らないように勉強するしかない💪#駆け出しエンジニアと繋がりたい#プログラミング初心者,24
(2/7) honto 電子書籍ストアランキング &gt; コンピュータ・IT・情報科学 &gt; 情報理論・情報科学ランキング3位:須藤秋良『スッキリわかるPythonによる機械学習入門』https://t.co/fcN82MhJ6h,0
【モーニングメソッド🌞24日目】おはようございます！昨日の夜にプリント開始したサンプルですが最初に梱包されてたフィラメントだと全然足りず、途中で終了してました！笑積み上げ🔥✅案件作成(スクレイピングアプリ)✅3Dプリンタ勉強✅読書#python #駆け出しエンジニアと繋がりたい https://t.co/LqH9bgeL9d,18
続きを見てたら、大量にPythonのプロセスが.久々の内戦楽しかった！！,0
【G検定攻略ガイドYoutube】２０２１年版：Ｇ検定の出題分析【G検定攻略ガイド】｜https://t.co/VGopGNb7AT#G検定 #ディープラーニング #AI #人工知能 #資格 #Python2021-02-08 07:06:00.119820,1
30代未経験pythonでWEBアプリ制作~187日目~・LINUCスピードマスター総復習・今更だけど、メモの魔力読んだ,1
高校向けPython入門(11) Pythonにおける真理値｜E.V.ジュニア #note https://t.co/DqpnDlVMNx,0
2/8 #今日の積み上げ ・Progate Python ・英単語去年チョロっとプログラミングに触れたお陰で、Pythonの初歩が分かりやすい気がします。Progateさんが優秀なことが相まってサクサク進みます。,6
【過去記事紹介】 Pythonで温度・湿度ロガー IBS-TH1 PLUSのデータを分析してみる https://t.co/RUwyz7VFNK,4
"日本のツイートトレンドTOP10は['#おは戦30208fg', '指定暴力団組織', '組の評判', '#冨岡義勇誕生祭2021', 'トリンカオ', '#馳河ランガ誕生祭2021', '#ちょうどいいラジオ', 'サイコパス度テスト', '丈くん舞台', '#SILVERRAIN']です #Python #Tweepy",10
#朝活　#プログラミング初心者　#プログラミング初心者と繋がりたい 「PythonとExcelで自動シフト表作成」日にち別の出勤者数を評価次に、日にちごとの実際の出勤者数を計算↓「職員の人数 - 日にちごとの休みの合計」で計算↓日にちごとの出勤者数の希望と実際との差を２乗して評価点に反映 https://t.co/CRaOWR8k0x,11
おはようございます🌞本日も楽しんで積み上げます🎵心が平和になれば発する言葉も平和になる😌心が平和になれば心ない言葉も受け止められる😁心が平和になればいつも幸せ🍀😆🍀#世界平和#PeaceDay#坐禅#差別しない#Python#坐禅習慣 #ZenOto https://t.co/kEEgioB2wz,5
Pythonで分析したことはあるけどMATLABでやったことないんでグラフの重ね方とか初歩的なこといちいち調べてるのに時間取られてる,1
明日は今の教本の... 『シゴトがはかどる Python自動処理の教科書』 2時間20分 11ページ https://t.co/X8FWQ8Jxyr #studyplus,0
2021-02-08 07:00:01仙台市現在の天候：所により曇り　　　気温：-1℃#仙台の天気#プログラミング #Python#相互フォロー #フォロバ100 #followback,5
おはようございます。昨日(2月07日)のPythonに関する記事は「30」件です。ピックアップ記事:”PyTorchのUserWarning: Using a target siz…”https://t.co/Gln1DnWUtO,1
おはようございます☀最近朝の生産性が悪いので、順番を変えて運動から始めてみます✨‼️#今日の積み上げ 168day□💪メトロンブログ筋トレ□🏃‍♂️10kmjog□💻Python動画□🎙音声配信１本□💲政治経済ニュース1本□✍️簿記過去問１題#おは戦30208Fg🌛,35
#朝活　#プログラミング初心者　#プログラミング初心者と繋がりたい 「PythonとExcelで自動シフト表作成」日にち別の出勤者数を評価まずはExcelに、日にちごとに出勤してほしい人数を入力↓これをpandasで読み込み、必要なデータ抽出↓numpyの配列に変換⬇️ https://t.co/9NXXNwKIUs,12
pythonのschemdraw使い方慣れれば、ソフト入れなくても回路かけると考えると楽かもなそんなわけないけど解析するようになるのかな...#python,1
【簡単・爆益】仮想通貨の自動売買ツールをPythonを使って作成する方法https://t.co/gPEkSwAlJa,1
20210208の予想を1つ紹介！--&gt;津 第8Rの３連単は1-2-4に注目です。その他の情報は以下のサイトから！ https://t.co/mCfPii9xb1 #python #boatrace #自動投稿 #津,0
"ソート処理である特定グループのみリストの最初の方に持ってきたい場合、tupleにすると有効。そんな使う場面を想像できないけど…[(1, 1), (0,1), (0,0), (1,0)]これが list.sort() を用いると[(0,0), (0,1), (1,0), (1,1)]となる#Item21 #g_e_python",0
おはようございます🌞✅ python学習 (webスクレイピング編)✅スキマ時間に読書✅瞑想10分chromedriverのインストールがうまくいかず2日悩んでしまった😭🔨結局 pip install chromedriver-binary でいけた🙌まだまだ知らない事がたくさんあるね…毎日少しでも知識を増やしていこう😊💯#python,5
箕面プログラミングキャンプで最初の言語選択にて人気なのは、PHPとPythonです。でも、実現したいことによって選択言語はまったく違ってきます。最初の言語選択は大切！箕面プログラミングキャンプで、言語選択の段階から一緒に考えていきましょう。#プログラミング #プログラミング初心者,17
@sumily7 なるほど〜、言語によって色々と変わりそうですね！僕はいまPythonを勉強中ですが、他のも軽く見てみようかな…。ありがとうございます！！また相談させてくださいね😆✨,1
ブログ記事紹介：[アルゴリズム] バケットソート（Python編） https://t.co/7ExC933xcj#sort #python #Algorithm https://t.co/LHovZGC2Qg,0
Pythonで画像を横にスライドさせる表示の仕方とそれを動画にする方法 MayuMega#プログラミング #Python #画像 #スライド #動画  https://t.co/bd3EZ1U8zd,2
扱うデータは、Excelデータだけではないから、分析するには、ばらついたデータをPython言語で統一し、やっと分析に入るわけです。Pythonデータ分析エンジニアの仕事は、それです。,0
@jun50_python おはおはーっ！,1
@KawaiiBOTz Source found on Pixiv!Similarity: 96.53%Title: アーランドの錬金術士Author: 榎吉https://t.co/76EYmJGq0pSource found via SauceNAO Python API Wrapper @ https://t.co/Y1XKgwPaCt !,0
現段階ではばらつきを人間がPythonとかでデータの統一をしないとならないわけです。,0
1件のコメント https://t.co/xZrF3SJwYU “MeCabをPythonで形態素解析 + FlaskでAPI” (28 users) https://t.co/4SCJVapqSC,0
おはようございます6時半起床#早起きチャレンジ よし一週間が始まりました今日はPythonの問題集を数問解きたいと思います皆さんも良い一日をお過ごし下さいToDo瞑想英語筋トレ散歩#おは戦30208fg,87
おはようございます💡それでは今週もいつものやっていきましょう👍#積み上げ　#朝活1️⃣読書2️⃣Python3️⃣筋トレそれでは皆さん今日も一日ご安全に💪,9
★PythonMeCabはインストールできましたが、0.996.5にできない。”Ochasen”を使ってみたく、1以上のバージョンではNGぽい🤔昨夜、久々にメンターさんと繋いで2時間ほどフォロー頂きましたがダメでした♨️一旦リラックスして再度トライします笑#今日の積み上げ #駆け出しエンジニアと繋がりたい,28
@hack_tnr BigSureでも色々問題が…ネット上の解決策は試したが解決しない…どの環境の Python使っているのかな？今は、暫定的にWindows使ってる,1
@Hiroyan_python  おはですー！！😀👍,1
だから、「ExcelからのPythonデータ分析」という本があるとわかる‼️Excel使ってる会社に加工させようという、データサイエンティストの企み。,1
【プログラミング素人のはてなブログ】Pythonでos.remove()を使って条件を指定してファイルを削除しようとするとPermissionErrorになる https://t.co/zZkK8NjLWU,0
おはようございます☀#今日の積み上げ 245日目 #Python #Django Udemy視聴 #読書 アウトプット大全、スマホ脳#ブログ #streamlit 1/6記事#筋トレDjango学習中❗️次はmodelsの構築です🤔少しずつフレームワークの構成がわかってきて楽しいですね😁 ブログも少しずつ書き続けます✨,10
いつおんチャンネルで新しい動画を公開しました。【Automatic Composition】初太-Hatta V4-No．860【アルゴリズム作曲】 https://t.co/2uGvWS0Noy#音楽 #Python #自動作曲 #プログラミング #Youtube,0
PyInstallerでPythonがないWindows環境で動作するexeファイルを作成する https://t.co/WzEllrYHox #Qiita @bwtakacyより,0
✅今日のやることリストおはようございます。今週もしっかり朝活スタートです。⬜︎朝活（筋トレ）⬜︎プログラミング学習（Python）⬜︎読書（自己投資）⬜︎自家製サラダチキン作りさぁ今日も必ず成長します。,5
最近Pythonでクリエイティブなコーディングやっててすごく楽しい,3
@KawaiiBOTz Source found on Pixiv!Similarity: 93.96%Title: 落書き早苗さん２Author: ゴムhttps://t.co/VDm7UVdV2rSource found via SauceNAO Python API Wrapper @ https://t.co/Y1XKgwPaCt !,1
データサイエンスを勉強していく中で、取得したいなーと。学生の頃に勉強した知識で少しは問題解けるだろーと思ってたところ。。。見てみたら、全く分からん😑はい、やりなおしーー🙋#Python #データサイエンス #駆け出しエンジニアとつながりたい #AI領域に踏み出したいコンサルタント https://t.co/l2hSf0vTXd,10
インスタグラムDM送信を自動化するツール【pythonでコピペのみ】https://t.co/mzmmVp4W4K,0
Pythonを使ってデータ分析を極める本です。最近界隈では大人気の本ですね。｜https://t.co/TrGAbU9Ybk#G検定 #ディープラーニング #AI #人工知能 #資格 #Python2021-02-08 06:24:19.621468,2
〜プログラム初心者あるある〜コピペしたら動いたラッキー！中身説明して？って言われて詰む#python #プログラミング初心者 #機械学習,10
おはようございます😌いつもより少しだけ頑張れればいい。今週もまた小さな積み重ねを＃朝活　#今日の積み上げ #ブログ初心者 #Python,20
SQLAlchemy公式のORMチュートリアル、かなり難しくないですか? SQLに自信が無いからORMを使う、という訳にはいかなさそう #Python,0
おはようございます☀️朝活始めます😃今日も一日頑張りましょう❗【今日の予定】・筋トレ(下半身)・英会話(英文法)・プログラミング学習(Python)・瞑想#朝活　#積み上げ,13
【前提条件】「python儲かるって聞きましたが本当ですか？」→ポテンシャルを測る要素が見つからないので解らん「難関大学で統計を学んでました、機械学習方面に力入れたいのですが今からpython需要ありますかね」→引くて数多,13
おはようございます😃日曜日のお酒は控えようと思います。睡眠の質が最悪でした😭大胸筋と大臀筋が筋肉痛…ToDo✅筋トレ　胸三頭筋✅読書✅料理✅ブログ✅python 今日プレゼンだけど何も練習してない！！ミスった！！#朝活 #今日の積み上げ,18
おはようございます🦥今日も5時30分に起床できました👍目標の5時に目覚めるのだが、どうしても起床できない😅徐々に改善していくぞ~😆今日は少しPython勉強してから学長の動画見て出社するぞ🦁,5
Pythonデータ分析エンジニア試験は、ビジネスシーンに不可欠だと実感しました❣️❣️❣️,0
【117日目 |7時間】Shell script &amp; jetsObsidianの自動化を少し。Pythonを少し触った。すっきりとしたシンタックスという印象。nodeのアプリをjestした。結構充実した。#駆け出しエンジニアと繋がりたい,8
未だにlevel2アクセスできひんしもう一旦忘れてUdemyでPythonしよ、待望のセールきたし！,4
「Python 学習コース I」コースを修了しました！ https://t.co/Nw5PBjHbbm #Progate,17
Pythonが圧倒的な1位、2021年エンジニアが学びたいプログラミング言語 | https://t.co/FKPpB9Vn7Zhttps://t.co/9y02o0JOTr,1
私の身につけたい言語はPythonです！　#パソナテック　#エンジニア,0
ひとまず、Amazon SageMaker Data Wranglerは処理内容をPythonコードでエクスポートできることが違いと分かった。別のフォーマットを変換するなら、AWS Glue DataBrewで簡単にできるらしい。,1
おはようございます😃#今日の積み上げ•基本情報技術者•プログラミング学習Python•読書「ワークシフト」•散歩、ストレッチ今月に基本情報技術者の試験を受ける事にしました。ゴールが見えたので、がぜんやる気が湧いて来ます。本日もよろしくお願いします。,4
ubuntu16 でsudo apt install python-pdfminerだとインストールできたけどsudo apt install python3-pdfminerだとダメとりあえずインストールできたので続けてみよう,0
"日本のツイートトレンドTOP10は['指定暴力団組織', '組の評判', 'アリソン', '#冨岡義勇誕生祭2021', '#馳河ランガ誕生祭2021', '#日向坂で会いましょう', '#おは戦30208fg', 'フォーデン', 'ヴェルナー', 'リュディガー']です #Python #Tweepy",3
pythonでUNSPLASH画像をランダムに1枚ツイート https://t.co/up0kmqsCEu,0
ラズベリーパイより、2月8日6時0分の空模様と気温 -20.500℃ #raspberrypi #python #fswebcam #photo #北海道 #オホーツク #イマソラ https://t.co/WMqwRVyAYR,1
#駆け出しエンジニアと繋がりたい  #プログラミング #python  #プログラミング初心者  #プログラミング学習【SQL/BigQuery】ROW_NUMBERでグループごとに順番・順位を付けるhttps://t.co/9yh6qUoKVT,5
2021-02-08 06:00:01仙台市現在の天候：所により曇り　　　気温：0℃#仙台の天気#プログラミング #Python#相互フォロー #フォロバ100 #followback,6
学習中の人工知能なので、とても低い勝率です。次回2月08日 【1戦目】のじゃんけん予想は、テレビがグー✊を出す確率が高いです。By https://t.co/Q2hShSok6m #めざましじゃんけん #めざましテレビ #人工知能 #TensorFlow #LSTM #OpenCV #Synology #Keras #PHP #Darknet #Python #DNN,6
✌️「Python 学習コース I」コースを修了しました！ https://t.co/f9yAPGa8LQ #Progate,13
【部数限定公開2021#1】法律&amp;時事問題まとめnote【まとめ問題付】｜ https://t.co/xywDToAj1J#G検定 #ディープラーニング #AI #人工知能 #資格 #Python2021-02-08 05:42:39.362918,1
Line の例のやつ、Python 3 で動くように修正されたり、言い訳が追記されたりしてたけど、is_prime がおかしい問題はそのままなのね https://t.co/esm4jvFV1A,0
しかしpythonでは型を書いた方が確かに実行速度が上がるので書かざるを得ない。。。,0
おはようございます#今日の積み上げUdemy Python講座を進める以前Pythonを勉強したい、と思ってPythonエンジニア認定資格試験を取りましたが、酒井さん(@sakaijun )のUdemy講座のほうが、基礎だけではなく実践的な内容が網羅されていて良いですね#コード掛け 137/180https://t.co/ozjhAqnHNd,14
#今日の積み上げ・udemyかめさんのPython講座・基本情報過去問、1問解く,0
非エンジニアのためのPython活用法！マイクラもPythonコーディングで一気にレベルアップ！お子さんと一緒にマイクラでPython勉強もいいかも？？https://t.co/qmYsBZK8eT,0
どちらかというとpython勉強したくてやり始めたので、ゲームは副産物のようなものだったり・・,12
Apple Watchの心電図データをPythonで分析して遊ぶ https://t.co/Hq5GrYxaO6 #AI #人工知能 2021年02月07日 20時30分,1
まぁプログラムの知識ゼロからpython学びながらだから時間かかるのよねぇ,3
Python 3入門 + 応用 +アメリカのシリコンバレー流コードスタイルを学び、実践的なアプリ開発の準備をする  https://t.co/Yl9qQbiv4a#udemy #クーポン #python #シリコンバレー,0
じこまんぞくPythonあ～と!! https://t.co/4NgI0qDuR1,0
#朝活　#プログラミング初心者　#プログラミング初心者と繋がりたい 「PythonとExcelで自動シフト表作成」確かnumpyは計算が高速だったはず。numpyでいけるとこはなるべく使っていこう🤔,11
久しぶりにpython書いたけど、仕様をよくわかってるわけじゃないから書くの辛い。,0
MacってPythonが標準搭載されてんの？,3
#朝活　#プログラミング初心者　#プログラミング初心者と繋がりたい 「PythonとExcelで自動シフト表作成」numpyのarrayにpandasのデータフレームを渡すと、numpyの配列に変換出来る「そんなの当たり前だろ！」と言われそうですが・・・😅　今分かりました⬇️ https://t.co/yzKgHsyhFZ,12
"私が作成したもので全体に公開されているstats bot, S3にupdaterだけに公開されていたgoogle_visionの2つはhttps://t.co/3KmrLyhwdG (python)です。その他MK8DX, …続きは質問箱へ #Peing #質問箱 https://t.co/qYH7bbxSUU",0
pypyのほうがpythonより遅い場合あると全部pypyで出すができないから結構つらいな,3
憧れのテンバガーを狙ってNASDAQの割安株を探したくて、山口揚平さんの書籍で紹介されてる手法を米国株向けにやってみました。#米国株 #python #データ分析 #投資 #テンバガーhttps://t.co/G1L7MOiDeM,0
"日本のツイートトレンドTOP10は['アリソン', '#日向坂で会いましょう', '指定暴力団組織', '組の評判', '#馳河ランガ誕生祭2021', 'フォーデン', '#冨岡義勇誕生祭2021', '#乃木坂工事中', '#関ジャム', 'ギュンドアン']です #Python #Tweepy",1
【合格者向け】G検定合格の一歩先へ…｜G検定攻略ガイド https://t.co/JOy6Q7Wbre#G検定 #ディープラーニング #AI #人工知能 #資格 #Python2021-02-08 05:00:58.882508,1
PyInstallerでPythonがないWindows環境で動作するexeファイルを作成する - Qiita https://t.co/x80eIriDFg #AI #人工知能 2021年02月07日 20時00分,0
Pythonの開発理由グイド・ヴァンロッサムが携わっていたAmoebaという複雑なシステムのプロジェクトが既存プログラミング言語では開発が難しくシンプルな言語が欲しかったそれを形にするために開発したのがPythonというプログラミング言語,1
2021-02-08 05:00:01仙台市現在の天候：所により曇り　　　気温：0℃#仙台の天気#プログラミング #Python#相互フォロー #フォロバ100 #followback,3
ブログ記事紹介：[Python] 高速勉強 #8 「繰り返し文」 https://t.co/raiQLtAjfi#for #python https://t.co/o3CAoDrL2F,1
プログラマ向いてないのです…。それ以外はpythonだよなぁ。,0
#朝活　#プログラミング初心者　#プログラミング初心者と繋がりたい おはようございます🖐️　#今日の積み上げ 予定✅介護のお仕事✅Pythonで自動シフト表作成✅筋トレ（胸）✅寿司打（15分）,21
【データサイエンティスト入門編】探索的データ解析（EDA）の基礎操作をPythonを使ってやってみよう https://t.co/4ve4yW0QQ6,2
COBOL、頑張ってるやん。 QT Pythonが圧倒的な1位、2021年エンジニアが学びたいプログラミング言語 https://t.co/EN2YTl0qZ2,3
@KawaiiBOTz Source found on Nico Nico Seiga!Similarity: 97.1%Title: あいすAuthor: のちたしんhttps://t.co/UaALKRqUniSource found via SauceNAO Python API Wrapper @ https://t.co/Y1XKgwPaCt !,0
pypyからpythonになってないか？,0
"おそらくpythonのx*x, x**2の例のコードはこれhttps://t.co/neP1ROq42Dhttps://t.co/waII6VBSoZ",3
diceCTF、いまやってるRE間に合うかな、って思ってたら、pythonがハングアップ。死んだ。うんこなので、もう寝る準備に入ります。,1
paizaのPythonで解いた問題をRustでやり直すんではなく、アカウント新しくして解いていこう↓ああ〜初めてやる問題にbetaの言語は使えないのか〜↓('､3[____],0
単純にpypyでdecimalがバカ遅いのをpythonで回したから通っただけ よくあるやつ,0
クリーンインストール前にpythonの自作ライブラリ保存するの忘れててわろた,0
RPAのための備忘録右クリックメニューに項目追加方法「何もない場所」の場合、下記のレジストリを追加する。REG ADD HKEY_CLASSES_ROOT\Directory\Background\shell\表示名\command \d コマンド#Python #RPA #プログラミング #Windows,2
ていうかpython遅くね？,2
@KawaiiBOTz Source found on Pixiv!Similarity: 95.78%Title: FGO！！！Author: なでか＠ついったhttps://t.co/iIDhVbBWbMSource found via SauceNAO Python API Wrapper @ https://t.co/Y1XKgwPaCt !,0
【初心者・入門者向け】Pythonを実際に動かしながら勉強できるおすすめサイト3選https://t.co/mUjEV2Vzd5,1
おはー朝だよーもう2月だよ早いわ年始に立てた抱負たち・・・忘れてないよ逆に増えたPython言語を利用して株価データのサクサク利用,0
楽天市場 https://t.co/ipElFzVW932月10日入荷 予約商品 タナカワークス スモルト リボルバー Smolt Revolver Ver.3 HW 6インチ ガスガン リボルバー フルセット /Smython SW COLT S&amp;W コルト ハイブリッド PYTHON パイソ,0
@KawaiiBOTz Source found on Pixiv!Similarity: 94.55%Title: カルスラのIF絵まとめAuthor: サンドイッチ＠槌居https://t.co/ZHwLaQRaTqSource found via SauceNAO Python API Wrapper @ https://t.co/Y1XKgwPaCt !,0
(2/6) Yahooブックス コンピュータ言語の本ランキング6位:日曜はクーポン有/ Pythonではじめる機械学習　scikit‐learnで学ぶ特徴量エンジニアリングと機械学習の基礎/AndreasC．Mullerhttps://t.co/XJRcVxpXEq,3
#Python 関連の最新注目書籍#人工知能 部門売上ランキング 9位！『ゼロから作るDeep Learning ―Pythonで学ぶディープラーニングの理論と実装』https://t.co/coUNeDbJD8,0
python使いなのでusing str = string;してる,6
昨日の AtCoder Beginner Contest 191 D - Circle Lattice Points では Python (3.8.2) の decimal.Decimal 型を使えば誤差をまったくケアしなくても AC できて震える．ちなみに PyPy3 (7.3.0) では TLE.提出 #20018291 - AtCoder Beginner Contest 191 https://t.co/TbD0aLqTDe,2
@KawaiiBOTz Source found on Pixiv!Similarity: 96.37%Title: けもフレまとめ2Author: あかさあい㌠1日目Ａ22ahttps://t.co/TMdGlmZevGSource found via SauceNAO Python API Wrapper @ https://t.co/Y1XKgwPaCt !,0
Div2B、想定解がlong longでオーバーフローしているので制約を小さくしてリジャッジするらしい　ここまではPythonなので関係ないが、「それによって制約違反になるHackは無効になる」らしい　おい,6
今日はLINEbotのtext送信をGUIから送れるようにしよう！ってことでプログラム組んでみた😊LINEbot使って遊ぶの楽しいかも🎵#Python #プログラミング初心者 https://t.co/BCjvyQjVtp,4
"日本のツイートトレンドTOP10は['#日向坂で会いましょう', 'アリソン', 'フォーデン', '#馳河ランガ誕生祭2021', '#冨岡義勇誕生祭2021', '#乃木坂工事中', '指定暴力団組織', '組の評判', '#関ジャム', 'ギュンドアン']です #Python #Tweepy",0
竹内 洋平様のPython 3 エンジニア認定データ分析試験合格体験記を公開しました。 https://t.co/Bg4UbxuEh0 #AI #人工知能 2021年02月07日 19時00分,0
@kitaguniSamushi はじめまして！副業収入すごいですね！自分はPython勉強中なんですが、副業するには他の言語もやった方が良いのでしょうか？ご意見いただけたら嬉しいです。,0
ラズベリーパイより、2月8日4時0分の気温 -18.812℃  #raspberrypi #python #ifttt,1
2021-02-08 04:00:02仙台市現在の天候：所により雪　　　気温：1℃#仙台の天気#プログラミング #Python#相互フォロー #フォロバ100 #followback,3
@jun50_python 私も固まった,1
@jun50_python やったか！？,1
一般社会人が実践!pythonの始め方 &lt;たま&gt; が、Kindleストアで販売開始されました。読み放題対象。https://t.co/3kUPoRcyAq,0
Python Webサイトの作り方 &lt;葉山 涼介&gt; が、Kindleストアで販売開始されました。読み放題対象。https://t.co/El29I3csvd,0
@jun50_python おはよ 彼女に甘えたい,1
にーくんはPythonをする※BotによるTweetです,0
【G検定攻略ガイドYoutube】解説！G検定とは何なのか？｜https://t.co/sbRQ2V8yGr#G検定 #ディープラーニング #AI #人工知能 #資格 #Python2021-02-08 03:37:38.079623,0
tweetyで自分のアカウントのいいねを書き出す方法知ってる方いらっしゃいませんか#python #tweepy #twitter,0
@shimo9chan だねw簡単な処理はBashでよく書くけど今回のケースでは言語機能が貧弱だった…PythonはMLやデータ処理系でよく使われるしファイル操作周辺のライブラリは標準で一番充実してるんじゃないかな〜,1
Python基本構文の備忘録(Django編)作成したプロジェクトを実行#作成したプロジェクト内でpython https://t.co/S74oJjJIHK runserver#Python #Django #プログラミング,4
@jun50_python じゅんはIQ高いの知ってるから,1
@jun50_python ？おう,1
pythonを勉強したいので、参考になる本やサイトがあったら教えてください!,0
どうして画像の要らん背景を消したのに、pythonのウィンドウに映し出したら無効になってるの？（#＾ω＾）,0
後輩たちはpythonとc言語の両方の授業があるって認識でいいだろうか,3
金土はずっとpythonとmatplotlibであそんでて、日はJava→Kotlinで移植リファクタしてた,0
"日本のツイートトレンドTOP10は['#日向坂で会いましょう', '#馳河ランガ誕生祭2021', '#乃木坂工事中', '#冨岡義勇誕生祭2021', '#関ジャム', '指定暴力団組織', '組の評判', 'ギュンドアン', '義勇さん', 'iPhoneシャワー']です #Python #Tweepy",0
2021-02-08 03:00:01仙台市現在の天候：所により雪　　　気温：1℃#仙台の天気#プログラミング #Python#相互フォロー #フォロバ100 #followback,5
@KawaiiBOTz Source found on Pixiv!Similarity: 95.9%Title: 真夜中のデートAuthor: ちおり＠ついったhttps://t.co/PhUv0l3uEOSource found via SauceNAO Python API Wrapper @ https://t.co/Y1XKgwPaCt !,1
Pythonを使ってデータ分析を極める本です。最近界隈では大人気の本ですね。｜https://t.co/TrGAbU9Ybk#G検定 #ディープラーニング #AI #人工知能 #資格 #Python2021-02-08 02:55:57.815723,1
@The_Sobaddict どんな言語で開発を？PythonやらJavaScriptやらありますが,1
高知の中学・高校生プログラマー大募集！◎一緒に学ぼう◎初心者■Ruby またはPythonで開発■経験よりもやる気■アルバイト可■プログラムやってみたいひとお気軽にDMください。#高知 #アルバイト #プログラム #エンジニア #中高生 #夏休み,2
LinuxでvscodeでPython書いて、いつまでもついて追いかけてたら、やっぱり強い！ 送り返せたから知らない.,0
"[定期]ピクトグラムの作成を通じて，プログラミングの諸概念も学習できるアプリケーション「ピクトグラミング」を公開してます．日本語，Python,JavaScriptやビジュアルブロックでプログラミングできるバージョンも公開しています．授業利用にもぜひお役立てください．https://t.co/Gqtw12BHj2",3
@KawaiiBOTz Source found on Pixiv!Similarity: 96.26%Title: デレマスらくがきまとめAuthor: ねこまたなおみhttps://t.co/zWSj87FSiHSource found via SauceNAO Python API Wrapper @ https://t.co/Y1XKgwPaCt !,2
以前Pythonで書いてPyinstallerでexe化したやつ久しぶりに実行したら、エラーを返した。その間にWindows10の更新があったかな?? 何かに依存してるのか。,0
@python_octopus 2時半ですよ,0
PythonでChord Diagramを描画する - https://t.co/NmMKQwMhgG,0
今日の進捗は、一億年ぶりに python のスクレイピングコードを書き、大量の画像をダウンロードしたことです。悪ですね。,1
「ビット演算子」合格できました！ https://t.co/0Uoqw6Sma0 #RecursionCS #コンピューターサイエンス #プログラミング #独学 #python #qscssolution,5
PythonのORMとかDBマイグレーション結局何がええんかわからんMybatis generatorみたいにサクッとDBからモデル作ってくれるやつはないのか,2
pythonは0&lt;a&lt;1行けるくせにC#簡略化できねえんだよな,0
PythonかJava||JSべんつよして～とか毎回言ってる,0
@KawaiiBOTz Source found on Pixiv!Similarity: 96.28%Title: yellowAuthor: みや＠強力麻痺袋https://t.co/xsby14srMvSource found via SauceNAO Python API Wrapper @ https://t.co/Y1XKgwPaCt !,1
@8wings64 なるほど、Pythonでもそんなもんなんや,0
Pythonに慣れてきたぞ,3
AtCoder の過去問を解いていて出てきた，入力やアルゴリズムはすぐ使えるように，まとめてある．言語は記述量が少なそうな気がしているのでPython．,1
アプリ版Progateの HTML&amp;CSS 初級編、Python I 終了！レベル35！焦らずコツコツやろう。そして次はWeb版とPHPやってみよう。#プログラミング初心者 #Progate #プログラミング初心者と繋がりたい,23
pythonってelse ifじゃないの忘れてた,0
@python_reverse ちくび。,1
#今日の積み上げ メモ✅レビューアプリケーション作成✅progateでpythonを勉強✅オリジナルアプリ設計やっぱり、Pythonのコードは入力していて気持ちがいい。#駆け出しエンジニア#駆け出しエンジニアと繋がりたい#Python#侍エンジニア,29
"日本のツイートトレンドTOP10は['#日向坂で会いましょう', '#乃木坂工事中', '#馳河ランガ誕生祭2021', '#関ジャム', '#冨岡義勇誕生祭2021', '指定暴力団組織', '組の評判', '義勇さん', 'iPhoneシャワー', 'オニャンコポン']です #Python #Tweepy",0
プログラミングって、最初の基礎の勉強(定着させる)のが難しいんです。逆にそれできたらいくらでも自分で学んでいけるんです学習でつまずいてる人、DM来ていただいたら相談乗ります#プログラミング初心者 #プログラミング学習#python#プログラミング独学#プログラミング#プログラミング初学者,11
@Python_regius01 きいちゃん大好き～～～🥺💕💕ありがとう😘会お会お～～～💓,0
@python_reverse (なんの歌だ？),2
2021-02-08 02:00:02仙台市現在の天候：所により雪　　　気温：1℃#仙台の天気#プログラミング #Python#相互フォロー #フォロバ100 #followback,2
@Binary__number @ak4hito printfなうえに;がない当たりPythonではなくKotlinを書いた後だなおぬし,3
@python_reverse それは魅力的だ。おいくらだい？,1
"言語ランキングGithub発表：1位Javascript,2位Python,3位JavaITエンジニアが学びたい：1位Python(32.8%),2位Java(9.3%)、3位JavaScript(5.9%)今はJavaかJavaScriptを使っているとも受け取れます。また1位Python,2位Java,3位JavascriptはGoogle検索数なので広告収入得るならPython情報サイトですねw",2
昨夜から始めてみたPythonがえらい楽しいスクレイピングしかやってないけど微妙に変数と演算の格納が保持されるのかされないのかが分からんのさえ解消すれば次行けそう,0
もうPython泣くほど詰んでる...,3
「#こんにちはPython」という本を読んで、PCにPythonをインストール。ゲームセンターあらしを読んでいた世代には懐かしいキャラが出てきますが、当時はノートPCってなかったよなぁって思いながら一気読み。プログラム言語初心者でも理解しやすいように解説している本です。@msugaya,10
Serpens v2.0 - Blender用のノードベースビジュアルスクリプティングアドオン新バージョン！全面作り直しでパワーアップ！Zip形式アドオンも作成可能に！https://t.co/6z43Q3yVUi#b3d #blender3d #3dnchu #python https://t.co/6r711ikWuG,59
今最も人気のあるプログラミング言語はPythonなんだなぁ実際に使用されているかっていうよりも、検索関連のランキングなんだろうけど、隔世の感があるな https://t.co/ZEyQQ6t3b7,1
やりたいメモ丁寧そうでよいUsing Jupyter Notebooks for Data Science Analysis in Python LiveLessons https://t.co/SfwMZHEk0T,0
@irl_dear 探しても頑張ってこねこねしてるやつとか、英語のサイトばっかりでPythonにはないもんだと思ってたんですよ～～～！やったぜｂｂ,0
@KawaiiBOTz Source found on Pixiv!Similarity: 96.61%Title: 青空天使Author: るごhttps://t.co/6lXFdVpJUsSource found via SauceNAO Python API Wrapper @ https://t.co/Y1XKgwPaCt !,1
溜まったお金でPython級購入。真正面から見た姿は面長でイマイチと思ったけど、外から見てみると割といい感じ。まだ装備が弱いので採掘と輸送って感じかな・・・ #EliteDengerous #エリデン https://t.co/MhVFoxHbm8,1
Pythonが圧倒的な1位、2021年エンジニアが学びたいプログラミング言語 https://t.co/LP0iZpPqe3 @ledgeaiより,1
Pythonの伸びやば https://t.co/OzbJfTQwcb,6
【本日の記事】python datetimeモジュール　型の変換についてです！https://t.co/5U6eXjywAY#python #datetime #pythonprogramming #ブログ初心者,7
金曜日、久々に本に大金を注ぎ込んだ。4冊買い、Python、ロジ、ロジ、Excel。頭を使うのを辞めたと思われる今のチームで、私は頭を使っていたいから。,1
山のようにある単純作業を減らしてもっとコラボ企画や商品開発、事業推進に自分の時間を割きたい（ついでに自分のミジンコみたいな英語力もどうにかしたい）！ということでPythonをかじってみることにしました何かを始めるのに遅いということは無いと言い聞かせながら…https://t.co/isbmA5aavD,20
@k_can_python そっかーキンタマついてんのかー,1
@Senri551853 Pythonのバージョンマジ!?,0
PEP8って今まで意識しなかったけど、しっかりおさえておく方が良さそう。#Python,0
久々の投稿です！いろいろ立て込んでてパソコンを触れる時間はあんまりありませんでした！今日はPython学習と読書を行えたので投稿します！😂😂😂作りたいものがあるので、明日から4日間で基礎を終わらせて、そっちの方に集中します😬😬,4
オライリーサブスクに日本語版あった………ポツポツとあるのかな…？Pythonデータサイエンスハンドブック ―Jupyter、NumPy、pandas、Matplotlib、scikit-learnを使ったデータ分析、機械学習 https://t.co/NcgfpbiR1e,2
PCが戻ってこないとPython進まん,0
おはようございます！今日は、・記事の下書き×１・Python・コンテンツ分けやります🔥🔥🔥やることキッチリやって、キャンプへ行こう⛺️🔥🪨😆今日もよろしくお願いします❗️#おは戦30208fg#朝活,11
本格的に自宅にMayaの環境が欲しくなってきた…pythonさえ使えるならLTで十分なのになぁ,0
Pythonで代数計算とCSV書き出しができるようになたよ〜,1
@callmekohei ただ、既存のF#の資産運用したいってなるとそれをどうするか？ってことにもなるのかもじゃなくて、最初から作るなら別言語ってことかなぁ・・・コッチの場合はF#じゃなくてPythonってことになるけど、どのみち耐障害性優先するなら最初からElixirになるかもしれない・・・,1
@k_can_python おとこだったのか,1
ISOの質問状作ったり、今日しこたま買ってきたPythonの本やったり、誰も専門家がいないけど誰かがちゃんとやらなきゃならない(というか全然わからんのにいつのまにか一番わかる扱いされてる)りゃみゃんのお勉強やら本当にやることは溢れてる。,2
"edXで3年前に修了したんだけどすごく楽しかった""Introduction to Computer Science and Programming Using Python""の講座また始まるんだ。復習のためにやってみよう。",2
Pythonの基礎が終わったので今日はもう寝ます明日データなんとかから勉強再開！,4
@k_can_python プログラミングより簡単,0
@jun50_python いえーす(),1
python に任せるか...,0
@jun50_python まだ今日(),1
@k_can_python ダイエットメンターいります？ https://t.co/LYXrLjJMfK,0
Pythonに対する殺意を込めて https://t.co/qRwjcc0gmE,0
"メモメモ_φ(･_･ちなみにF#なスーパーバイザ的な例外処理できるのかなぁ？「Python,C++だとかみたいな例外処理とElixirは根本的に考え方が違う」 https://t.co/rb7MiPYyeF",1
"N88BASICQuickBASIC, QuickCC++Builder, DelphiPHP, RubyC#, Python, Elixir, Go（現在）Rust, Gleam（これから） #プログラミング言語移動経路",3
"@callmekohei これ、耐障害性へのパラダイムシフト　って副題になってるけど、OOPや関数型のパラダイムシフト～　と同様に例外に対するパラダイムシフトが書いてあるから、Python,C++だとかみたいな例外処理とElixirは根本的に考え方が違うってわかる例外に焦点を当てたパラダイムシフトの学習に最適かと思う",1
やだPython嫌いになる,0
今日学んだことpython axisの存在ソフトマックス関数のバッチ版実装まだよくわからないのが、値算出のときにバッチサイズで割るときと割らない時の違い,2
データ分析の手段の一つとしてPythonを選んだかPythonやっててデータ分析やりだしたかだと割とPythonの扱いが違うと思うの。。,1
@KawaiiBOTz Source found on Pixiv!Similarity: 97.55%Title: FGOまとめ③Author: 喜多禄https://t.co/xWcrpLt0JESource found via SauceNAO Python API Wrapper @ https://t.co/Y1XKgwPaCt !,0
嘘です。Pythonで普通にクロージャとか使ってます。あれは一種のメタ数学と言えるでしょう。,0
2/7･暗号技術の全て…~p35･独習Python…chapter1,0
エラーメッセージに合わせて適当にスペースで段組みして書いてたけど、なんかヘンだなと思って検索してみたら、ヒド・・斬新だなPythonの段組み仕様。てゆかまず入門ページ見た方がよくないか俺・・ これいきなり目的逆引きで書ける言語じゃなくない？(←それを今言う？,0
週末はFlask on Pythonにどっぷり。プログラミングは良いね。アイデアをすぐに形にできる。エラーだらけだけど😱,4
【競馬予想AI】Pythonで正規表現を使って競馬データを加工する【機械学習】 https://t.co/oNEaVJQSmh @YouTubeよりこの解説感動するほどわかりやすい,1
もうサクッとMVCの形だけ作っちゃおかな。PythonでStarlette魔改造した経験とNimでフルスタックフレームワーク作った経験からするとMVCなら1日で作れるはずなんや,3
@AskanDq10 自分はリーダーではないですが某企業でハード層からアプリ層まで一連のシステムの構築運用をさせていただいています。サーバ構築しながらPythonゴリゴリしたりしておりますよ。いいのかこんなダメ人間にそんなことさせてｗあ、Githubに社内ソース上げたりとかはしないですからね？ｗ,1
@TOSPythonでChord Diagramを描画する https://t.co/bKts8a1jxt #Qiita,0
明日からPythonガチらないとやばいあと寝る(),2
新作の効率化ツールを公開しました！設定しておけば、定期的にWebサイトをチェック、スクショをメールに添付して送ってくれます。【効率化ツール】【ブラウザ自動操作】WebサイトをスクリーンショットしてGmail添付で送信！https://t.co/0SN6dl6iqg#効率化 #python #selenium,4
まだPythonコード書き始めたばかりだけど仲良くなれるような気がする,1
珈琲豆の発注をするPythonスクリプト書いた。Playwrightはじめて使ったけど便利だ。,1
"日本のツイートトレンドTOP10は['#乃木坂工事中', '#関ジャム', '#馳河ランガ誕生祭2021', '#冨岡義勇誕生祭2021', '#shingeki', '組の評判', '指定暴力団組織', '義勇さん', 'iPhoneシャワー', 'ミッドサマー']です #Python #Tweepy",0
Pythonって記述のルール細かいなVSCodeさんにいろいろ叱られる,0
2021-02-08 01:00:01仙台市現在の天候：所により雪　　　気温：1℃#仙台の天気#プログラミング #Python#相互フォロー #フォロバ100 #followback,5
私もせっかくPython使ってるんだからDjangoやってみようかなー,2
@h3oso3 @T_rzrapi pythonｵﾎﾞｴﾀｶｯﾀ…,0
@MHdedenne101 @T_rzrapi pythonにしようぜ,0
【プログラミング学習のProgate】Pythonのレベルが7にUPしました！ https://t.co/LzFbkv12sh #Progate,7
Python 勉強すればするほど金が増えやすい神プログラミング言語,2
マクロの本は持ってるから、今日の夜からPython調べよ,0
PythonとVBABK中心で1ヶ月くらい勉強してみるか,0
圧倒的ではないかPythonくん#駆け出しエンジニアと繋がりたい https://t.co/sSyWCDzYSq,8
Python屋さんとはわかり合えない...https://t.co/y6pVAocSczhttps://t.co/t7Mon8XdET,0
つーかblenderのPythonコード書くの超たのしーーーー,2
@imomomo_i 後半ぶっ飛びすぎて、ハイブリッドがかすんじゃってる🤣✨Pythonみたいな†最強†な言語作っちゃお🥺🥺(戦争仕掛けガチ←,1
と思いながらPythonやるくらいAI大好き彼らの作品とかまじ一生見てられる,2
@jun50_python おやすみー(￣^￣)ゞ,1
今月のDVs期間中の進歩は自作のダメージ計算機がちゃんと動作するようになりました。ExcelVBAとPythonでそれぞれ作りました。パーティ構成を考えるときは自作のバフ後ステータス計算機とダメージ計算機を組み合わせて利用しました。総ダメージの確率計算はpythonで行いました。#FFBE,16
統計力学とか信号処理とかやった方が良くてpythonでディ〜プラ〜ニングとかLGBM使ってばかりでいいわけないんだよなというお気持ち,14
美容サロンのサイトが完成に近いから、次はNext + TSで自分のプロフィールサイトを作ろうかと思ってたけど、CCNAの勉強もそろそろやらないとだし、ここにきてPythonのスクレイピングとAPI化にもすごい興味が出てきてどうしたらいいんだもう🤦‍♂️優先順位ですねわかります。それならCCNAです！！！！！,6
今日はこんな日。Pythonもう少しやって寝ます😪 https://t.co/cYcJAkZPEU,5
Pythonの構文大嫌いなんだけど、使いたいライブラリがあるのでやります,0
@KawaiiBOTz Source found on Pixiv!Similarity: 97.05%Title: アオリちゃんコスのイオリちゃんAuthor: おぅはしhttps://t.co/8QgzxEhQVgSource found via SauceNAO Python API Wrapper @ https://t.co/Y1XKgwPaCt !,0
2/6python勉強 10分英単語勉強 15分筋トレ 20分ゲーム時間 2時間ぐらい今日は疲れた..,3
#AI #プログラミング独学 #Python 今日は、外出で、1ページだけ続けることに意味がある！😊👍 https://t.co/yx9yhxxRBN,0
「Python 学習コース V」コースを修了しました！ https://t.co/IedZNqgu8v #Progate,10
スライダーで直感的に操作できて効果を得られる逸品python。 https://t.co/GsywK1xETN,2
おっこれまでやっては諦めを繰り返してたPythonプログラム史上いちばんうまく行ってるかも。まだまだだけど、検索しないで「こうかな？」で書けていちおう動く（こともある）と、やっと楽しくなってくる。がんばろう。,1
【プログラミング学習のProgate】Pythonのレベルが13にUPしました！ https://t.co/alUpBCJTSU #Progate 積み上げ　忘れるからなるべく一気にやったほうが良さそう,15
ドットインストールのHTML の授業はとりあえず全部終わった。あと、Pythonのインストールが出来ないから先に進めなかったところもクリア出来たからモチベ高い,3
もしかして、GAE Python flask のデプロイすると 「.yaml で指定していないがflask側で指定しているstaticディレクトリ」ってcloud storage に放り込まれてたりする？,0
あした１０時から準備文字起こし。ご飯食べる。小屋の掃除。帰ってきたら病院。帰ってきたら少しだけちかさんのUIチュートリアル他やりたいけど多分一日にできない事python自分の作品,0
PythonからCeVIOのトークエディタへ接続し、操作することに成功しました。映像記録として残しておこうと思います。せっかくなのでいあおねにしゃべってもらいましょう。 https://t.co/cR28GQXLYi,13
"推しの画像を無意識に保存しがちだから、被ってる画像を消してPCの容量の節約したいと思ってて、Pythonのリスト構造で、20,000件の画像の絶対パスの情報を抱えて判定処理しようとしたらオーバーフローしたんだけど、Pythonで20,000件の絶対パスの情報を扱う方法ってあるのかな…？有識者の方教えて…",0
pythonファイルをexe化できることを自分の手で確かめるだけの予備実験なのにこんなにもこんなにも,0
『プロゲート　Python』 13分 https://t.co/OphHJ6Wef9 #studyplus,2
python/dynとpython3/dynが両方ついててpython2のほうが選ばれるようになってたからっぽく、設定ファイルの先頭にpython3 0(別に0である必要はないが何かしらpython3に実行させなきゃいけないので)したら直った。もうちょっとエレガントにできんかな(set python3とか),3
「Python 学習コース II」コースを修了しました！ https://t.co/4TL65S8Ua8 #Progate,7
Pythonの環境構築出来なくてしんどいhome brewインストールしとんやけど、ずっとエラーばっかりや,0
PythonとJavaどっちの需要が高いのかな,1
pythonのexe化の記事をいくつも読んでも！！！できない！！！！！！思った3倍くらいのコード出てくる！！コマンドプロンプトでpyinstallerをインストールして～と出てくるが、HPかなんかから直接インストールしたら死ぬのか？あああああああああ,0
✅今後、覚えたほうがよいプログラミング言語とは2021年エンジニアが学びたいプログラミング言語の１位がPythonが圧倒的ですね。AIの自動化にともなってビックデータの処理でPythonとC言語の需要が一気にたかまってきた感じですね😄#プログラミング初心者 #プログラミング初学者 https://t.co/hwj4Df51kl,3
俺はPythonで帳票を作るぞ,0
人類が皆Pythonを使うことで幸福になれる。,0
@chemiegg まずは、ヤノチン先生の本を買って、ノックのイメージを掴むところから……。pythonデータ処理100本ノックって本も最近ありますし……。,0
@KawaiiBOTz Source found on Pixiv!Similarity: 95.18%Title: クロスタッグバトル参戦オメEs氏Author: FBChttps://t.co/BIkQkMs6l2Source found via SauceNAO Python API Wrapper @ https://t.co/Y1XKgwPaCt !,0
Pythonを学ぶための“標準教科書”。独習Python  #Python #独学 #Kindle  https://t.co/FqqfWLvcaM,1
python django モデルとフォームModelChoiceFieldを使うとデータベースを使って選択式にできるようなので、それを二つ組み合わせて一つのモデルとして manytomany fieldで保存できる様にしたい。今のところ作成中#駆け出しエンジニアと繋がりたい #今日の積み上げ,16
Pythonで画像を横にスライドさせる表示の仕方とそれを動画にする方法 MayuMega#プログラミング #Python #画像 #スライド #動画  https://t.co/bd3EZ1U8zd,3
▲予想数字公開中!!▲言語Pythonにてプログラミング!!ロト6→毎週月・木ロト7→毎週金曜https://t.co/SH77B0jCBQ【お願い】#フォロー#固定リツイート【お返し】#フォローバック#固定リツイート#フォロバ100#相互,2
Pythonでプログラミング計画25日目昨日、ツイートしたと思ってたらしてませんでした…😭自分のこういう部分が自己の成長を拒んでるんだと思います同じ過ちは犯しません😔😔😔#Python #プログラミング初心者 #プログラミング初心者と繋がりたい,8
久しぶりにpythonを触っている,7
@NitroPhenolPh pythonｷﾓﾁｴｴｴｴｴ,0
(2/6) 紀伊國屋書店 電子書籍 コンピュータ・ＩＴ・ゲームランキング1位:橋本洋志【著】/牧野浩二【著】『データサイエンス教本 - Pythonで学ぶ統計分析・パターン認識・深層学習』https://t.co/QEu5bkj5xu,0
Pythonで「こう言うアプリあったら便利だな」が簡単に実現できるのが楽しすぎる,1
個人的にUdemyってそんなにお金払う意味あるか？ってコースがたくさんあると思ってて、ただ、それでも売れてるんですよね。セールで2000円とかになるとしてもまあまあな額になってる笑YouTubeのPython動画全部削除して、Udemyに載っけたほうがいいんですかね？笑,2
ファイルから読み取り入力のデータと照合するプログラムが書けないので調べても分からない。情報求む。 #Java #Python,2
テクスチャ名を手動で変更するの怠いpythonでやろうとするとドキュメント漁るのが怠い,0
#今日の積み上げ ✅paizaスキルチェックDランクDランクでもたまに時間がかかる問題があるからまだまだだな。がんばります！！#プログラミング初学者と繋がりたい #プログラミング初心者 #テックアカデミー #python #駆け出しエンジニアと繋がりたい,18
Pythonをシノビガミで学んでたがmdbうまくできなかったのでドライバー64ビットにして今日はフィニッシュ,0
アホやってるの尻目にpythonやるか,3
#Python 関連の最新注目書籍#セキュリティー管理 部門売上ランキング 9位！『AIセキュリティから学ぶ ディープラーニング[技術]入門』https://t.co/xHQfIzbp0I,0
M5paper「Hello World」までで結構時間かかった。mac特有のpython関連のエラーなんてメーカーサイトに解決方法大きく書いておいて欲しいわ。 https://t.co/Aky9GRS56l,3
Python使うのにvisualcode使ってるんだけど、community2017じゃtwint使えないのはなんでだろう,1
@python_lady それは良い,0
「Python 学習コース III」コースを修了しました！ https://t.co/tXKf9CKdHH #Progate,5
シェルスクリプト恐らくできた。これでPC遮断中もPython動かせる。,0
【Python：ExcelのリストからGmail一括送信】ってのを作りました。添付ファイルもつけられます。やはり手を動かするとコードの理解が深まりますね☺️あとjupyter labはvscodeからも使えることも知りました。これだとVscodeの予測変換とかショートカットキーも使えるのでさらに生産性あがります🔥🔥 https://t.co/vDguzdb17y,2
@KawaiiBOTz Source found on Pixiv!Similarity: 97.2%Title: ＜塗ってみた＞　ぱちゅりーAuthor: よぇ＠２日目ク-09bhttps://t.co/6OT00R2xdtSource found via SauceNAO Python API Wrapper @ https://t.co/Y1XKgwPaCt !,1
rubyはある面においてはその両方。ただweb的な面を取り除くとちょっと弱い。代わりに言語自体の性能はpythonより上。phpもweb特化なら同様というような感覚。,0
"プロジェクトは2,3年合同授業かつ、テーマ8の中から4つずつ分けて2年間やるので、2年でJavaScriptとPythonに当たらなくても3年で必ずやります。2年で当たった方が先輩が助けてくれるからまだ楽。",0
perlとpythonは同じLLではあるけれど、主戦場が違う気はしている。perlは自分の中では主戦場はワンライナーの糊として。pythonはワンライナー中のコマンド。あるいはそれに引数を渡すためのui。機能が固定してきて、ツールとしておこせるならgo、やrustにすると高品質にはなるかもねという感じ,0
環境変数LO_COLLECT_UITESTでLibOを起動してから操作した記録がテキスト形式でベロっと出る。これを見ながらPythonのコードを書く,1
@python_lady 美味しい酒と美味しい肴でお疲れマラ。,0
日付変わってしまったので、”昨日”の結果。☑ブログ執筆・公開□英会話の勉強☑Pythonの勉強英会話の勉強は今日やる。Pythonの勉強やったものの、ほんの少ししか進んでない。でも、歩みは遅くても諦めずに取り組みたい。,2
【プログラミング学習のProgate】Pythonのレベルが11にUPしました！ https://t.co/wtCZgjGXRu #Progate,4
最近は英語と数学とPython勉強しながら、クイーンズギャンビット観たりゆるキャン観たりしてます。クイーンズギャンビットおもしろいし、ゆるキャンは頭がからっぽになります。 https://t.co/C5MirCidHV,1
大半というか9割以上が初心者です。1年から2春までのJavaは比較的懇切丁寧に教えてくれます！C言とpythonは基本はほとんど同じなのでほぼ説明なく授業で扱います。 #Peing #質問箱 https://t.co/g8Q88yKuVk,0
LibOのUITestフレームワークはPythonのunittest.TestCaseからの継承。例としてsw/qa/uitest/ とかを見るとぞろっとスクリプトあるよ。当然UTに比べると遅いのとLinuxじゃないと動かないというのが問題。 https://t.co/DuWLEqsB3v 参照,1
@naginagi62 今、自作アプリのバックエンドをPython使って開発してるんですが、バックエンドに関してはRustを使った方が良きな気がするんですよね。Python笑えないぐらい遅いし(),1
1春〜2春までJava、2春にC言、2春〜3秋までプロジェクトでpython、JavaScriptを扱います。(Java以外はほぼ教わりません。自分で頑張る感じ。) #Peing #質問箱 https://t.co/spCLdE1RJL,0
KritaのPythonプラグインにあるMixerSliderDockerっての地味に便利だな,0
【pyinstallerの使い方】参考になった記事です。ありがとうございます☺️https://t.co/VKzYe4Kal0https://t.co/tD0BqYxDnrhttps://t.co/WXzpZUQEkO#駆け出しエンジニアと繋がりたい#Python#プログラミング独学,11
アジェンダはPythonによるUI TestingとCppUnitによるユニットテスト,1
プログラミング入門としてPythonやるつもりなんだけどバックエンド的にはRubyとかJavaScriptなんかな？しばらくPythonで遊んでみるか？,0
"日本のツイートトレンドTOP10は['#関ジャム', '#麒麟がくる', '#初耳学', '#君と世界が終わる日に', '指定暴力団組織', '組の評判', 'iPhoneシャワー', '#IDOLYPRIDE', 'ミッドサマー', '大河ドラマ']です #Python #Tweepy",0
実はKivy-iOSというライブラリを使えばPythonでiOSアプリを作ることができます。もちろんアプリストアに公開することも可能です。「意外と簡単！！Pythonで作るiOSアプリ【Python】(kivy-ios)」https://t.co/dh6zc81MLy#Python #iOS #アプリ開発 https://t.co/mFdPhDxNI8,1
Pythonわからなすぎて泣けてきた。言語とか今までの人生で一度も触れたことないのに急にツール作れと言われても無理やわ…やるしかねえけど。,0
アプリ作りたいんだけど言語ってどれがいいんだろ、やっぱどうせ勉強するならPython？,1
人工知能とか機械学習とかやりたかったらPythonしたほうがいいかもね～,2
#駆け出しエンジニアと繋がりたい  #プログラミング #python  #プログラミング初心者  #プログラミング学習【C++】プログラミングマスターしたけど質問ある？https://t.co/pIjGzzrCIC,8
Pythonは捨ててRustをお勉強するべきだろうか。いや、Pythonちゃんはちょっとしたツール作成には良きな言語だからな。けど、僕のやりたいことをやるためにPythonを学ぶ意味は無い気がする。,26
2021-02-08 00:00:01仙台市現在の天候：所により雪　　　気温：3℃#仙台の天気#プログラミング #Python#相互フォロー #フォロバ100 #followback,2
@Yobinori ちょうどPython、機械学習、ディープラーニング勉強しているところ&amp;将棋好きなので、見よーーφ(･ω･｀)ﾒﾓﾒﾓ,0
